ticket_id,showtime_id,customer_id,seat_number,seat_type,final_price
1,90,27,F10,Normal,160
2,19,79,B6,Normal,300
3,39,72,B11,Honeymoon,160
4,67,7,C11,Normal,160
5,45,191,J2,VIP,160
6,13,111,C8,VIP,300
7,92,119,F13,Honeymoon,240
8,58,174,A11,VIP,350
9,20,63,B14,Honeymoon,240
10,92,124,D15,Honeymoon,240
11,72,12,E1,Normal,160
12,61,141,K12,Normal,240
13,39,43,B7,Honeymoon,160
14,1,17,F3,Normal,160
15,3,63,H8,Honeymoon,350
16,77,120,J3,Honeymoon,200
17,92,36,K7,Normal,160
18,62,8,C14,Honeymoon,240
19,63,69,K9,Normal,350
20,25,90,G7,Normal,240
21,56,36,F2,Normal,200
22,33,28,K5,Normal,300
23,38,118,D10,Normal,200
24,6,93,D6,Normal,350
25,58,175,G12,Normal,200
26,44,76,B14,Honeymoon,200
27,45,101,E9,Normal,350
28,32,158,F5,Normal,350
29,45,151,C1,Normal,240
30,61,144,H7,Honeymoon,160
31,47,14,D1,Honeymoon,300
32,21,71,G7,Normal,300
33,80,180,D7,Normal,300
34,85,124,K3,Honeymoon,200
35,75,125,E14,Normal,350
36,36,37,C11,Normal,350
37,99,29,F2,Normal,350
38,19,195,J11,Normal,160
39,20,143,H9,Honeymoon,350
40,57,175,D7,Normal,350
41,18,174,F12,Normal,200
42,47,180,H4,Normal,240
43,49,19,K6,VIP,300
44,14,106,E9,Honeymoon,200
45,15,21,H15,Honeymoon,200
46,31,64,E7,Normal,200
47,1,165,E1,Normal,300
48,54,27,E11,VIP,200
49,3,55,B15,Normal,240
50,16,29,K11,Honeymoon,350
51,87,148,G6,Normal,240
52,57,25,D11,Normal,350
53,75,70,D8,Normal,350
54,12,63,A7,Honeymoon,200
55,74,164,G7,Honeymoon,200
56,96,130,H8,Normal,300
57,16,150,J5,Normal,160
58,72,16,J12,VIP,240
59,76,146,J1,Normal,300
60,24,197,C8,Honeymoon,300
61,28,182,J2,Normal,240
62,8,100,B11,Normal,240
63,92,30,J9,Normal,350
64,36,45,A4,Normal,160
65,90,19,C9,Normal,200
66,8,34,D9,Normal,160
67,58,141,C3,Normal,160
68,60,171,B5,Normal,200
69,50,62,B1,Normal,160
70,28,118,K14,Honeymoon,300
71,92,100,J7,Normal,300
72,41,22,F12,Normal,200
73,100,180,F7,Normal,200
74,64,180,E2,Normal,240
75,27,111,C1,Honeymoon,240
76,63,164,C12,Normal,160
77,17,73,A12,Honeymoon,160
78,73,147,E5,Normal,200
79,33,38,E13,Normal,160
80,84,70,J11,Normal,350
81,77,116,H10,Honeymoon,300
82,92,79,K2,VIP,160
83,29,185,H1,Normal,160
84,13,148,B1,Honeymoon,240
85,46,9,F3,Normal,350
86,35,32,J5,VIP,160
87,6,132,J11,Normal,300
88,82,50,K6,Normal,160
89,69,82,J10,Normal,200
90,47,5,H7,VIP,350
91,25,148,J7,Honeymoon,160
92,66,87,B6,VIP,350
93,10,126,K12,Honeymoon,160
94,56,75,F14,Normal,300
95,30,165,D2,VIP,300
96,5,22,K15,VIP,350
97,33,186,F10,Normal,240
98,65,68,J8,Normal,240
99,18,44,E12,Normal,200
100,96,34,C12,VIP,240
101,49,77,A9,Honeymoon,350
102,11,42,B10,Honeymoon,240
103,85,137,A2,VIP,200
104,26,106,B4,Honeymoon,160
105,63,95,B5,Honeymoon,240
106,89,135,E10,Honeymoon,350
107,86,68,B2,Normal,350
108,59,147,J4,Normal,200
109,27,159,F14,Normal,200
110,49,128,G4,Honeymoon,300
111,77,163,F9,Normal,300
112,33,185,J11,Normal,300
113,98,85,F12,Normal,160
114,99,189,D6,Normal,350
115,1,159,F7,Normal,300
116,21,83,A8,Normal,350
117,55,95,J1,Normal,200
118,6,181,A4,Normal,160
119,92,32,F11,Normal,200
120,81,66,J8,Normal,350
121,69,187,H5,Normal,300
122,95,116,G9,Normal,200
123,5,138,C7,Normal,240
124,3,130,E11,Normal,160
125,53,194,C3,Honeymoon,350
126,23,60,C1,Normal,300
127,53,17,J5,Normal,200
128,37,96,A12,Normal,160
129,74,144,A11,Normal,300
130,74,16,F13,Normal,200
131,83,46,E12,Normal,350
132,17,167,C2,Normal,240
133,85,159,D12,Normal,240
134,78,107,F11,Normal,350
135,73,88,B4,Honeymoon,160
136,1,129,H11,Normal,350
137,51,139,A14,VIP,200
138,45,119,C3,Normal,160
139,77,85,A10,Normal,240
140,4,4,F5,Normal,200
141,62,71,E4,Honeymoon,300
142,65,154,E8,Normal,300
143,32,111,G2,Normal,300
144,34,50,J5,Normal,240
145,92,140,F5,Normal,350
146,95,95,D14,Honeymoon,160
147,72,92,G7,Normal,240
148,39,65,B4,Normal,200
149,26,47,K14,Normal,200
150,34,181,B7,Normal,300
151,54,106,A9,Normal,160
152,3,199,A9,Normal,300
153,50,130,B12,Normal,200
154,12,106,B2,VIP,200
155,65,24,C15,Normal,350
156,54,4,A8,VIP,350
157,5,108,K11,Normal,350
158,94,19,J5,Normal,300
159,94,154,J3,Normal,160
160,57,40,C3,Honeymoon,350
161,17,50,A1,Normal,240
162,47,171,A6,Normal,350
163,23,75,C11,Normal,300
164,79,195,A5,Honeymoon,160
165,85,12,F5,Normal,350
166,14,195,B3,Normal,160
167,66,27,F7,Normal,240
168,75,113,E5,Honeymoon,200
169,51,182,F8,VIP,160
170,38,194,K1,Normal,350
171,64,49,J11,Normal,300
172,98,144,B10,Honeymoon,300
173,38,130,E9,Honeymoon,300
174,50,60,F7,Normal,300
175,98,182,H12,VIP,160
176,82,30,G5,Normal,300
177,30,84,C3,Normal,200
178,79,166,H6,Honeymoon,240
179,91,28,K11,Normal,160
180,51,25,J5,VIP,160
181,63,96,B1,Normal,300
182,98,125,F5,Normal,300
183,52,10,C8,Honeymoon,160
184,38,188,J15,Normal,300
185,97,42,F3,Normal,300
186,88,40,E3,Honeymoon,300
187,79,77,H7,Normal,300
188,30,105,F14,Normal,300
189,51,118,C8,Honeymoon,350
190,81,42,K15,Normal,350
191,5,47,K9,VIP,350
192,29,165,D7,Honeymoon,160
193,4,22,B14,Normal,240
194,10,185,K9,Normal,160
195,56,107,F1,VIP,350
196,17,27,K10,Normal,160
197,74,41,E4,Normal,240
198,17,80,G1,Normal,300
199,84,162,F14,Normal,200
200,88,160,A13,Normal,350
201,69,89,E12,VIP,350
202,34,66,A5,Honeymoon,240
203,6,12,A12,Normal,300
204,53,168,A3,Normal,300
205,66,73,C3,Normal,200
206,77,76,J1,Normal,300
207,43,90,D5,Honeymoon,240
208,75,10,K2,Honeymoon,300
209,23,96,B14,Honeymoon,240
210,55,176,C9,Normal,350
211,80,20,G1,Normal,350
212,95,39,G10,Normal,350
213,75,60,B2,Normal,160
214,16,66,D11,Normal,350
215,8,65,D1,VIP,240
216,4,179,E7,Honeymoon,200
217,4,124,K7,VIP,300
218,56,164,E7,Honeymoon,350
219,25,152,B8,Normal,160
220,67,155,G4,Normal,160
221,96,130,D9,Normal,240
222,67,159,K3,Normal,200
223,27,57,F2,Normal,350
224,93,78,B1,Honeymoon,350
225,32,194,C11,Normal,160
226,50,29,G8,Normal,240
227,61,15,J8,Normal,160
228,51,12,E1,Normal,160
229,19,101,F11,Normal,200
230,21,156,H13,Normal,240
231,5,84,G10,Normal,200
232,82,125,D4,Honeymoon,240
233,92,103,A2,Normal,350
234,42,24,H15,Normal,300
235,61,149,J3,Normal,300
236,22,138,F11,VIP,240
237,21,110,F2,Normal,300
238,70,78,K1,Honeymoon,160
239,1,101,D14,VIP,350
240,5,146,A12,Honeymoon,350
241,12,142,A4,Normal,300
242,90,162,H12,Normal,240
243,46,128,G5,Normal,160
244,34,58,J5,Normal,240
245,49,76,C11,Normal,300
246,78,150,J3,VIP,350
247,90,198,A7,VIP,350
248,45,36,E9,Normal,240
249,27,173,E9,Normal,200
250,73,164,F6,VIP,240
251,26,22,B15,Normal,200
252,47,127,E13,Normal,240
253,86,80,A6,Normal,200
254,56,189,F14,Honeymoon,200
255,94,100,K12,Normal,200
256,63,184,E6,Honeymoon,200
257,48,96,A10,Normal,160
258,61,161,K9,Normal,200
259,81,173,C7,Normal,200
260,26,164,F2,Normal,350
261,36,148,F2,Normal,160
262,1,18,C2,Normal,200
263,8,38,D2,Honeymoon,300
264,99,195,H5,Normal,160
265,52,151,H15,Honeymoon,350
266,79,109,A10,VIP,240
267,47,123,G7,Honeymoon,350
268,56,144,A5,VIP,350
269,86,187,F2,Normal,160
270,14,197,A1,Normal,160
271,90,196,J11,VIP,300
272,28,149,E7,Honeymoon,300
273,87,104,A15,Honeymoon,160
274,78,198,G3,Normal,160
275,88,140,B15,Normal,160
276,2,144,G13,Normal,240
277,26,81,F7,Honeymoon,350
278,14,87,E15,Normal,300
279,59,142,D15,Normal,300
280,56,61,C10,Normal,200
281,7,199,E14,Normal,240
282,3,46,J1,Normal,160
283,23,32,K12,Honeymoon,160
284,18,15,A3,Honeymoon,240
285,38,44,C6,Normal,300
286,99,145,C13,Normal,160
287,15,169,K8,VIP,200
288,64,54,H10,Normal,300
289,89,44,H4,Honeymoon,350
290,28,98,F15,Normal,240
291,74,5,F9,Normal,300
292,39,109,F2,Normal,350
293,57,27,A5,Honeymoon,200
294,17,116,F3,Normal,240
295,86,87,G1,Normal,160
296,90,104,F12,Normal,160
297,44,123,A14,Normal,350
298,25,79,G14,Normal,300
299,17,43,F8,Normal,200
300,13,97,D9,Normal,350
301,84,31,J12,Normal,200
302,25,99,G5,Normal,200
303,68,17,A9,Normal,200
304,10,83,D8,Normal,240
305,67,110,F2,Normal,350
306,18,182,D15,Normal,240
307,100,190,D1,Normal,300
308,86,32,D9,Normal,300
309,34,168,E14,Normal,160
310,8,141,H7,Normal,160
311,40,35,G5,Normal,160
312,83,133,B8,Normal,300
313,42,29,B12,Honeymoon,200
314,41,70,E10,Honeymoon,200
315,6,153,H4,Normal,350
316,52,95,F2,Normal,300
317,26,22,D5,Honeymoon,160
318,64,194,J4,VIP,300
319,98,173,B4,Normal,200
320,59,69,A1,Normal,200
321,56,89,C10,Normal,240
322,59,72,B7,Normal,240
323,70,129,H7,Normal,350
324,33,172,C10,Normal,300
325,53,87,C8,Honeymoon,240
326,22,96,D3,Normal,240
327,21,75,E15,Normal,300
328,70,167,H2,Normal,200
329,70,54,A8,Normal,350
330,4,88,F11,Normal,350
331,94,157,E8,Normal,350
332,75,54,E15,Normal,240
333,62,16,K2,Normal,200
334,62,99,F15,VIP,350
335,94,20,J10,Normal,300
336,95,46,F5,Normal,350
337,24,195,G5,Normal,160
338,55,193,E10,Normal,200
339,9,127,F15,Normal,160
340,3,58,D14,Normal,200
341,31,181,K12,Normal,300
342,40,111,B13,Normal,240
343,36,129,E12,Honeymoon,240
344,24,81,A14,Normal,200
345,95,194,B9,Normal,350
346,6,157,H7,Normal,160
347,66,84,C14,Honeymoon,300
348,84,70,D11,Normal,350
349,92,8,H15,Normal,240
350,75,29,C2,Honeymoon,350
351,4,112,B10,Normal,160
352,79,179,H11,Normal,240
353,6,161,E6,Normal,200
354,94,131,C12,Honeymoon,300
355,51,188,F1,Honeymoon,300
356,62,163,K2,VIP,240
357,57,197,C8,VIP,200
358,66,108,E1,Honeymoon,160
359,79,109,F14,Normal,300
360,75,20,B3,Honeymoon,240
361,8,73,E10,Normal,300
362,26,167,F7,Normal,200
363,51,4,H11,Normal,160
364,45,19,F5,Normal,200
365,44,102,A15,Honeymoon,350
366,5,173,A13,Normal,200
367,70,171,H14,Normal,200
368,26,141,C13,Normal,300
369,68,141,D12,Honeymoon,200
370,19,188,B2,Normal,240
371,84,185,C2,Normal,300
372,97,86,K15,Normal,300
373,20,52,D10,Normal,350
374,12,111,A13,Normal,240
375,47,181,D2,Normal,200
376,1,109,F12,Honeymoon,350
377,90,86,E2,Normal,240
378,14,43,B14,Normal,350
379,64,200,B7,Normal,160
380,38,200,E5,Normal,200
381,37,42,B14,Normal,350
382,11,90,D3,Normal,160
383,100,115,A5,Normal,200
384,77,26,G11,Honeymoon,350
385,3,151,E11,Normal,350
386,33,43,K6,Normal,350
387,6,77,K3,Normal,350
388,50,156,E6,Normal,300
389,10,137,E12,Normal,350
390,5,20,B10,Normal,300
391,23,184,D15,VIP,300
392,10,39,C10,Normal,160
393,44,179,A7,Normal,200
394,2,12,D1,Honeymoon,300
395,13,183,F11,Normal,240
396,40,11,K6,Honeymoon,300
397,2,154,B6,Normal,240
398,84,42,A1,Normal,160
399,65,155,J3,Normal,240
400,63,11,K12,Honeymoon,160
401,73,38,J5,VIP,160
402,17,98,C3,Normal,160
403,9,171,A4,Normal,240
404,75,19,A3,Normal,240
405,15,192,G1,Normal,160
406,24,134,D7,Normal,160
407,38,174,B13,Normal,200
408,35,116,E10,Normal,160
409,94,113,D12,Normal,350
410,95,170,H3,Normal,200
411,49,65,K9,VIP,200
412,69,99,B9,Honeymoon,200
413,62,72,F2,Normal,350
414,60,187,F1,Honeymoon,200
415,50,52,E9,Normal,200
416,78,118,G11,Honeymoon,240
417,75,175,G2,Normal,240
418,9,120,G2,Normal,160
419,34,7,B15,Honeymoon,160
420,76,11,B3,Normal,300
421,99,103,C14,VIP,350
422,35,61,G9,Honeymoon,240
423,1,68,J1,VIP,160
424,40,153,H10,Normal,350
425,64,140,D15,Normal,200
426,22,154,K11,Normal,350
427,60,102,D11,VIP,240
428,64,110,C1,Normal,300
429,93,140,G11,Normal,240
430,72,171,D14,Normal,160
431,11,51,J4,Normal,160
432,14,117,J10,Normal,350
433,60,165,G7,Normal,240
434,30,46,H2,Honeymoon,160
435,35,53,B3,Normal,200
436,85,88,K10,Honeymoon,200
437,37,121,E11,Normal,300
438,5,13,H1,Normal,350
439,83,89,D9,Normal,160
440,78,125,G4,Normal,300
441,26,118,F1,Normal,200
442,62,54,C5,Honeymoon,300
443,4,185,A11,Normal,300
444,89,116,E1,Normal,160
445,42,118,C14,Normal,160
446,89,4,J1,Honeymoon,160
447,18,75,E8,Normal,350
448,40,49,B10,Normal,300
449,72,7,F9,Normal,300
450,39,110,H9,VIP,350
451,14,122,J12,Normal,200
452,32,11,A1,Normal,240
453,51,92,J11,Normal,200
454,38,182,F11,Honeymoon,350
455,97,173,E2,Normal,300
456,23,23,E4,Honeymoon,300
457,63,28,K10,Normal,160
458,15,111,J6,Normal,160
459,97,57,G15,Normal,300
460,25,26,E2,Honeymoon,300
461,17,153,C5,Normal,160
462,97,54,A13,Honeymoon,160
463,66,29,C13,Normal,200
464,78,97,J10,VIP,300
465,53,164,H6,Normal,300
466,51,14,J8,Normal,350
467,39,78,D6,Normal,200
468,51,35,K9,Normal,240
469,70,30,K11,Normal,240
470,6,92,J15,Normal,240
471,67,17,C15,Normal,160
472,7,195,C12,Normal,240
473,51,158,J15,Normal,350
474,72,93,A15,Normal,160
475,42,173,D15,Normal,160
476,64,79,C10,Normal,240
477,15,110,H7,Normal,160
478,29,179,F2,Normal,200
479,33,102,G15,Honeymoon,200
480,94,106,H2,VIP,240
481,27,47,J2,Normal,350
482,36,181,F5,Normal,160
483,29,64,J5,Normal,300
484,38,166,J14,Normal,240
485,57,64,C2,Normal,160
486,97,87,H3,Normal,240
487,27,7,H9,Normal,240
488,55,22,K11,Normal,350
489,33,81,E8,Normal,300
490,68,169,J7,Normal,160
491,86,74,J15,Normal,240
492,66,138,H9,Normal,240
493,10,185,A8,Normal,160
494,5,135,E4,Honeymoon,240
495,74,125,J15,Honeymoon,240
496,97,50,C11,Normal,240
497,38,52,C10,Normal,200
498,13,161,A3,Normal,200
499,31,1,K10,Normal,300
500,47,181,H5,Normal,350
501,100,188,H9,Normal,160
502,88,162,H7,Normal,350
503,52,4,K15,Normal,350
504,56,145,A4,VIP,200
505,15,132,J14,Honeymoon,300
506,29,171,B11,Normal,350
507,8,4,K4,Normal,350
508,5,1,B2,Normal,240
509,29,71,G2,Honeymoon,160
510,47,178,C1,Honeymoon,300
511,68,189,K9,VIP,160
512,76,35,H2,Normal,200
513,45,8,K11,Honeymoon,350
514,2,152,H6,Normal,350
515,27,36,G11,Honeymoon,160
516,95,178,H7,Honeymoon,200
517,36,123,E2,Normal,240
518,36,43,H7,Normal,240
519,26,27,H11,Honeymoon,350
520,43,32,C5,Normal,350
521,27,78,B13,Normal,300
522,69,121,G13,Normal,160
523,20,146,J5,Normal,350
524,11,156,G12,Normal,200
525,74,157,K2,Normal,160
526,38,16,K8,Normal,300
527,6,99,B6,Normal,240
528,72,47,D7,Normal,300
529,23,187,G7,Normal,160
530,47,31,D6,Normal,240
531,90,4,F8,Normal,200
532,46,165,D10,Normal,240
533,12,17,F2,Honeymoon,240
534,90,39,J7,Normal,200
535,13,48,G3,Honeymoon,350
536,62,174,F13,Normal,350
537,82,176,F5,VIP,240
538,89,39,G2,Normal,240
539,97,132,D2,Normal,300
540,60,30,C8,Normal,350
541,43,158,K4,Normal,200
542,76,22,A15,Normal,240
543,100,66,A1,Normal,240
544,68,108,J15,Normal,300
545,5,12,A1,Honeymoon,300
546,37,36,D4,Normal,300
547,72,18,G6,Normal,160
548,92,90,B11,Normal,200
549,31,181,F12,Normal,160
550,9,199,G3,VIP,240
551,51,1,G12,Honeymoon,300
552,29,127,E11,Honeymoon,300
553,78,186,K5,VIP,300
554,40,90,G5,Normal,350
555,41,87,H13,Normal,200
556,86,90,K13,Normal,160
557,11,134,H14,Honeymoon,200
558,23,70,D6,Honeymoon,300
559,1,44,F6,Normal,240
560,46,200,C6,Normal,350
561,21,152,E7,VIP,200
562,90,86,J9,Normal,240
563,36,19,H9,Honeymoon,300
564,54,101,H6,Normal,300
565,87,146,K7,Normal,300
566,57,95,G10,Normal,300
567,1,101,H4,Normal,350
568,63,30,H15,Normal,350
569,54,170,F4,Normal,200
570,55,33,J14,Honeymoon,300
571,40,12,B4,Normal,350
572,15,118,J7,Honeymoon,240
573,21,94,B14,Normal,350
574,47,155,B9,Honeymoon,350
575,73,167,A10,Normal,200
576,53,137,G15,Normal,350
577,9,149,K10,Normal,240
578,74,76,D10,Normal,300
579,52,29,K12,Honeymoon,160
580,57,161,A2,Normal,200
581,26,190,K12,Normal,240
582,41,117,J15,Honeymoon,200
583,35,15,H6,Normal,300
584,63,2,C8,Honeymoon,350
585,25,180,J11,Normal,350
586,90,117,G12,Honeymoon,240
587,75,172,G5,Normal,300
588,38,182,G2,VIP,160
589,2,18,E11,Normal,160
590,7,3,B9,Normal,350
591,82,135,E8,Normal,300
592,91,171,J8,Normal,300
593,34,166,G3,Normal,240
594,91,165,C14,Normal,160
595,17,186,J13,Normal,240
596,43,161,D10,Honeymoon,200
597,59,108,B14,Normal,300
598,51,187,C7,Honeymoon,160
599,54,95,H10,Normal,240
600,24,122,A3,Normal,350
601,25,11,J2,Honeymoon,200
602,71,68,C13,Honeymoon,240
603,52,123,A7,Normal,350
604,70,196,J5,Normal,160
605,88,113,D4,Normal,160
606,33,98,J1,Normal,200
607,49,93,E13,Normal,350
608,29,22,C11,Normal,300
609,63,194,H1,Normal,160
610,22,172,F2,Normal,300
611,26,127,J7,VIP,300
612,28,134,G1,Honeymoon,240
613,85,170,A8,Normal,240
614,49,25,C2,Normal,160
615,71,185,E4,Normal,300
616,81,85,K3,Honeymoon,240
617,84,55,A13,Normal,350
618,49,144,G3,Normal,350
619,20,95,E1,Normal,350
620,86,142,A8,Normal,350
621,92,167,B14,Normal,300
622,63,156,G5,Honeymoon,350
623,61,179,C11,Normal,300
624,49,119,K14,Normal,160
625,71,177,A11,Normal,160
626,1,9,A2,Normal,350
627,96,186,J11,Normal,350
628,13,173,F5,Normal,350
629,94,150,F12,Normal,160
630,87,160,H1,VIP,240
631,51,197,K4,VIP,160
632,56,197,B2,Normal,350
633,83,42,B8,Honeymoon,240
634,62,53,D3,VIP,240
635,32,187,B5,Normal,200
636,30,74,A2,Normal,300
637,29,39,F13,Normal,350
638,49,122,C1,Normal,300
639,45,15,J10,Honeymoon,200
640,93,199,F3,Normal,300
641,30,157,A4,Normal,350
642,16,123,K6,Normal,200
643,40,111,J8,Normal,300
644,19,131,J14,Normal,160
645,18,83,C1,Normal,240
646,1,10,K3,Normal,200
647,78,92,B6,Honeymoon,160
648,47,29,B8,Honeymoon,350
649,66,35,J11,Honeymoon,240
650,92,6,K13,Honeymoon,200
651,94,140,B14,Honeymoon,240
652,38,111,G15,Normal,200
653,51,38,D7,Normal,200
654,63,77,H10,Normal,300
655,4,93,G11,Normal,240
656,1,147,F9,Normal,240
657,8,67,E1,Honeymoon,160
658,29,136,J5,Normal,350
659,55,8,E11,Normal,160
660,3,122,E10,Normal,300
661,32,84,K4,Normal,200
662,10,175,H3,VIP,300
663,74,132,B6,Normal,300
664,83,179,J11,Normal,160
665,34,85,F7,Normal,200
666,97,195,F13,Honeymoon,350
667,87,45,H6,Normal,300
668,55,136,A10,Normal,350
669,92,87,A12,Honeymoon,200
670,32,16,A7,Normal,200
671,50,77,K10,Normal,160
672,7,195,H9,Normal,240
673,93,9,B11,Honeymoon,160
674,8,60,A15,Normal,350
675,65,78,C3,Normal,160
676,57,77,E2,Normal,200
677,67,71,D2,Normal,300
678,88,15,G5,Normal,240
679,87,71,C5,Normal,200
680,59,102,F1,Normal,300
681,72,169,J3,Normal,350
682,54,22,F8,Normal,350
683,67,152,B10,Normal,350
684,51,113,D12,Normal,160
685,97,172,C2,Normal,350
686,92,1,E3,Normal,350
687,8,10,A12,VIP,160
688,34,110,E3,Normal,300
689,35,200,F2,Normal,200
690,96,184,G2,Normal,240
691,88,113,A1,Normal,350
692,78,50,E10,Honeymoon,350
693,32,12,K1,Normal,350
694,46,89,J13,Normal,160
695,16,188,F11,Normal,160
696,68,154,C9,Normal,160
697,37,112,B8,Normal,240
698,54,78,E8,Normal,200
699,85,169,A4,Honeymoon,350
700,14,164,J6,Honeymoon,300
701,95,121,B6,Normal,350
702,55,23,G15,Normal,350
703,48,171,E6,Honeymoon,350
704,82,134,A7,Normal,350
705,7,197,D4,Normal,200
706,74,171,B1,Honeymoon,300
707,7,25,K10,Normal,160
708,33,18,F9,Normal,300
709,23,190,F12,Normal,350
710,85,141,G8,Normal,300
711,19,43,E15,VIP,350
712,19,78,C4,Normal,300
713,36,28,B11,VIP,240
714,29,146,E6,Normal,300
715,60,59,J5,Normal,160
716,82,188,E3,Normal,160
717,2,63,F12,Normal,300
718,1,185,C11,Normal,300
719,47,92,G8,Normal,200
720,69,179,J4,Honeymoon,300
721,20,56,F4,VIP,160
722,11,155,A10,Normal,240
723,2,160,A15,Normal,160
724,67,111,C12,Honeymoon,200
725,87,137,G3,Normal,300
726,12,68,B2,Normal,240
727,20,46,A9,VIP,160
728,5,67,H9,Normal,240
729,37,154,C6,Normal,350
730,38,136,C6,Normal,160
731,94,6,D3,Normal,350
732,9,24,D6,Normal,240
733,98,176,G7,Normal,300
734,53,94,H14,VIP,300
735,44,173,G5,Normal,300
736,99,13,E10,Normal,350
737,86,197,E14,Normal,300
738,24,25,F5,Honeymoon,200
739,81,148,E8,VIP,160
740,74,118,K15,Honeymoon,160
741,30,82,F2,Normal,240
742,59,111,H11,VIP,350
743,87,82,A6,Normal,160
744,96,66,E15,Normal,350
745,81,45,F13,Normal,240
746,81,114,A3,Normal,300
747,14,175,D7,Honeymoon,240
748,9,63,E14,Normal,200
749,40,76,J5,Normal,300
750,66,114,E5,Normal,300
751,25,111,D7,Normal,300
752,73,183,F1,Normal,240
753,22,147,K7,Normal,200
754,4,35,F14,Normal,350
755,26,53,E12,Normal,240
756,58,26,E8,Honeymoon,160
757,29,14,K3,VIP,160
758,98,118,H10,VIP,240
759,87,45,D12,Honeymoon,350
760,37,172,E6,Normal,160
761,75,193,F15,Honeymoon,350
762,70,51,D5,Normal,300
763,18,171,A14,Honeymoon,240
764,85,119,B1,Normal,300
765,42,151,C12,Honeymoon,160
766,100,184,H5,Normal,350
767,41,19,B7,Normal,300
768,38,82,E8,Normal,160
769,34,76,B4,Normal,200
770,17,183,E6,VIP,300
771,37,92,E13,Normal,200
772,25,188,K12,Normal,200
773,76,187,K9,VIP,160
774,87,33,D9,Normal,240
775,86,147,H7,Normal,350
776,85,28,B3,Normal,160
777,27,123,H12,Normal,300
778,57,180,F10,Honeymoon,350
779,31,126,K4,Honeymoon,240
780,6,177,C9,VIP,160
781,91,37,G15,Normal,240
782,40,154,E8,Normal,300
783,98,99,B10,Normal,160
784,12,98,J3,Honeymoon,300
785,53,127,J1,Normal,350
786,71,168,E1,Normal,350
787,10,80,G10,Normal,240
788,45,38,D6,Normal,240
789,17,77,G8,Honeymoon,350
790,26,126,K2,Normal,200
791,85,87,A2,Normal,350
792,92,54,A5,Normal,160
793,62,150,F11,Honeymoon,300
794,46,16,J13,Normal,350
795,64,28,E8,Normal,350
796,2,163,A9,Normal,300
797,54,188,G3,Normal,300
798,65,173,K15,Honeymoon,160
799,51,46,K3,Normal,300
800,53,72,J5,VIP,240
801,36,183,E1,Normal,350
802,26,85,D6,Honeymoon,300
803,29,26,A10,Honeymoon,160
804,21,85,J14,Normal,300
805,11,153,E2,Normal,350
806,40,65,H8,Normal,200
807,11,134,J13,Normal,300
808,36,151,J2,Normal,240
809,59,115,J3,Normal,350
810,39,64,E3,Honeymoon,160
811,99,87,H6,Normal,350
812,54,171,F14,Honeymoon,200
813,98,107,D6,Normal,160
814,55,151,J12,Normal,200
815,24,96,G14,VIP,200
816,22,158,J3,Normal,240
817,69,77,D3,Normal,300
818,56,146,C2,Honeymoon,240
819,33,87,H15,VIP,240
820,36,149,G9,Normal,240
821,20,57,E14,Normal,160
822,83,103,C4,Normal,300
823,99,151,E10,Normal,300
824,81,91,H5,Normal,160
825,62,45,B1,Normal,240
826,98,172,D14,Normal,240
827,73,88,B4,Honeymoon,200
828,26,115,G5,Honeymoon,200
829,66,47,H8,Normal,350
830,73,168,C11,Normal,200
831,73,179,F6,Normal,300
832,40,170,G13,Normal,160
833,17,135,D9,Normal,240
834,1,50,G5,Normal,350
835,89,176,K12,Normal,200
836,61,84,E2,VIP,350
837,43,91,G9,Honeymoon,160
838,42,134,G3,Honeymoon,160
839,25,91,E5,Normal,350
840,39,137,E8,Normal,350
841,35,109,B13,Normal,350
842,3,57,B3,Honeymoon,240
843,44,31,B11,Normal,300
844,51,21,G14,Normal,200
845,94,90,K12,Normal,200
846,98,40,D10,Normal,200
847,12,112,H14,Normal,350
848,19,45,J4,Normal,350
849,44,77,J14,Normal,350
850,59,177,J9,Normal,240
851,49,87,A8,Normal,240
852,61,148,D6,Normal,240
853,17,101,F10,Honeymoon,240
854,74,117,B10,Normal,160
855,57,92,F8,Normal,240
856,55,145,G3,Normal,240
857,47,28,H12,VIP,240
858,12,169,K3,Normal,200
859,62,194,D11,Normal,200
860,80,25,A12,Normal,200
861,88,58,H15,Normal,300
862,83,41,E11,Normal,160
863,8,134,B2,Normal,350
864,95,75,J2,VIP,240
865,21,38,J4,Honeymoon,200
866,81,134,A10,VIP,160
867,87,173,C1,Normal,240
868,80,75,D15,Honeymoon,300
869,70,142,E10,Normal,350
870,72,66,B2,Normal,240
871,25,168,D5,Honeymoon,350
872,82,3,C7,Normal,240
873,89,117,H13,Normal,300
874,12,99,F5,Normal,160
875,15,152,A11,Normal,350
876,59,19,J14,VIP,350
877,26,146,J3,Normal,160
878,26,192,C5,Normal,350
879,47,116,C3,Normal,200
880,32,125,B3,Honeymoon,160
881,10,88,A13,Normal,300
882,16,35,F15,Normal,240
883,71,190,H5,Honeymoon,240
884,17,1,A1,Normal,160
885,23,153,E3,Normal,200
886,26,173,C4,Honeymoon,300
887,85,177,G13,Normal,240
888,86,126,A10,Honeymoon,240
889,7,89,J8,Normal,200
890,14,144,A7,VIP,350
891,79,147,D11,VIP,160
892,7,151,F5,Normal,200
893,9,25,A12,Normal,200
894,48,16,K10,VIP,200
895,72,182,D3,Normal,200
896,59,73,B11,Normal,350
897,87,129,H7,Normal,300
898,93,42,J2,Honeymoon,200
899,82,147,A12,Honeymoon,200
900,95,162,K14,Normal,160
901,94,80,C12,Normal,240
902,39,104,E1,Honeymoon,350
903,99,183,D13,Honeymoon,200
904,18,146,C4,Normal,300
905,59,34,A7,VIP,300
906,17,89,H4,Honeymoon,300
907,14,125,C5,Normal,160
908,31,45,A15,Honeymoon,300
909,24,134,B10,Normal,160
910,99,21,D14,Normal,350
911,60,122,F4,Normal,300
912,45,70,F11,Honeymoon,240
913,98,96,J14,VIP,200
914,3,105,F13,Normal,350
915,37,48,K14,Normal,240
916,43,39,E11,Normal,350
917,40,31,J1,Honeymoon,300
918,90,10,G3,Honeymoon,350
919,55,30,G6,Normal,350
920,87,18,C2,Normal,350
921,39,188,D8,Normal,160
922,15,88,D14,Normal,240
923,4,125,E9,Normal,300
924,93,73,J12,Honeymoon,200
925,86,15,F11,Normal,300
926,25,4,B3,Normal,300
927,13,191,F6,Normal,160
928,82,168,H9,Normal,160
929,33,9,B9,Normal,350
930,16,109,E6,Normal,300
931,42,137,K6,Normal,240
932,66,154,E2,Honeymoon,160
933,55,132,D9,Normal,160
934,99,16,K8,Honeymoon,240
935,42,143,J11,Normal,160
936,34,99,C7,Normal,240
937,30,121,C7,Normal,200
938,13,52,J11,VIP,240
939,13,69,C5,Normal,200
940,18,5,J4,Normal,350
941,32,20,B3,VIP,350
942,96,79,J2,Normal,160
943,99,146,D3,Honeymoon,240
944,39,111,B2,Normal,160
945,46,2,J15,Normal,240
946,29,93,D12,Normal,160
947,62,13,A8,VIP,350
948,93,4,J8,Normal,350
949,62,170,H12,Normal,160
950,57,109,D11,Normal,240
951,16,74,J6,Normal,300
952,56,189,D14,Honeymoon,240
953,10,95,D13,Normal,160
954,30,105,K5,Normal,240
955,25,8,H3,Normal,200
956,84,67,E14,Normal,240
957,5,191,K13,Normal,350
958,65,110,G11,Normal,350
959,94,9,D3,Honeymoon,200
960,49,117,E11,VIP,240
961,3,11,H11,Normal,300
962,45,99,J2,Honeymoon,240
963,14,42,F3,Normal,350
964,30,141,B14,Normal,350
965,68,164,G3,Normal,160
966,18,120,E13,Normal,350
967,62,141,G10,Normal,160
968,37,12,E14,Honeymoon,350
969,25,37,G5,VIP,350
970,48,74,B2,Normal,300
971,65,73,K2,Normal,160
972,53,52,G7,VIP,160
973,79,199,A9,Normal,350
974,73,130,J15,Normal,160
975,15,56,K9,Normal,350
976,49,60,B4,Normal,350
977,88,23,J14,Normal,240
978,68,103,H9,Honeymoon,160
979,12,40,K4,Honeymoon,200
980,59,64,J5,Normal,160
981,37,85,E1,Honeymoon,160
982,61,151,C12,Normal,300
983,43,157,A13,Normal,200
984,70,179,K5,Honeymoon,200
985,39,197,F10,Normal,300
986,56,89,B5,Normal,300
987,63,31,D5,Normal,160
988,46,178,G2,VIP,240
989,88,20,F13,Honeymoon,300
990,11,183,E9,Honeymoon,200
991,62,130,C7,Normal,200
992,77,153,K5,Honeymoon,160
993,98,13,G9,Normal,240
994,25,122,J5,VIP,350
995,71,103,D9,Normal,300
996,52,106,J10,Normal,300
997,4,119,C11,Normal,160
998,59,70,C15,Honeymoon,240
999,72,195,G13,Honeymoon,200
1000,20,186,H1,Normal,200
1001,93,99,K2,Normal,350
1002,63,82,J8,Honeymoon,200
1003,54,75,F11,Normal,300
1004,74,118,D2,Honeymoon,350
1005,98,84,A5,VIP,240
1006,57,192,A1,Normal,350
1007,90,69,C14,Normal,240
1008,41,59,K15,Normal,200
1009,3,188,C8,Normal,160
1010,6,126,B4,Normal,350
1011,5,111,H10,Honeymoon,350
1012,5,62,F12,Normal,300
1013,54,144,J3,Normal,300
1014,47,128,F7,Normal,240
1015,87,105,K6,Normal,160
1016,49,68,D13,VIP,300
1017,9,15,K11,Normal,300
1018,99,183,E7,Normal,200
1019,20,35,J2,VIP,200
1020,61,183,F12,Normal,300
1021,35,14,J11,Normal,240
1022,50,177,D10,Normal,160
1023,82,102,F14,Honeymoon,300
1024,62,100,D13,Normal,240
1025,17,7,E3,VIP,240
1026,88,30,G1,Honeymoon,300
1027,3,49,D7,Normal,240
1028,32,144,J6,Normal,350
1029,99,111,B9,Normal,240
1030,13,179,E12,Normal,300
1031,89,72,A9,Honeymoon,240
1032,73,80,H5,Normal,300
1033,68,83,G4,Normal,200
1034,14,42,H12,Honeymoon,300
1035,98,17,F8,Normal,240
1036,11,191,F5,Normal,300
1037,56,173,K14,Normal,160
1038,67,7,G10,Normal,300
1039,92,155,C10,VIP,300
1040,29,10,G13,Normal,160
1041,9,34,E2,Normal,160
1042,67,36,E9,Normal,160
1043,25,153,K7,Normal,350
1044,98,6,H4,Normal,300
1045,76,152,A4,Normal,160
1046,42,146,E12,VIP,160
1047,9,134,B2,Honeymoon,200
1048,79,29,H9,Normal,350
1049,40,126,F10,Normal,300
1050,25,153,D12,Normal,240
1051,5,183,H2,Normal,350
1052,11,81,D3,Normal,350
1053,59,174,H12,Normal,200
1054,98,152,C1,Normal,300
1055,88,75,H7,Normal,300
1056,79,26,D2,Honeymoon,160
1057,38,127,J14,Normal,160
1058,72,115,H3,Honeymoon,350
1059,5,126,E12,Normal,200
1060,48,28,E11,Normal,300
1061,90,131,H3,Honeymoon,200
1062,18,75,D8,Normal,240
1063,70,166,K7,VIP,300
1064,37,189,B1,Normal,160
1065,60,78,H11,Normal,350
1066,48,179,E13,Normal,200
1067,77,90,E14,Normal,160
1068,28,176,F6,Honeymoon,350
1069,69,21,A12,Honeymoon,160
1070,77,54,J8,Honeymoon,300
1071,81,184,E10,Normal,200
1072,40,103,K12,Normal,240
1073,45,59,C11,Normal,160
1074,96,72,D14,Normal,200
1075,62,179,F14,VIP,300
1076,93,20,B9,Normal,160
1077,58,112,K9,Normal,300
1078,67,59,F5,Normal,240
1079,56,71,J14,Honeymoon,240
1080,40,137,J12,VIP,350
1081,98,109,G2,Normal,350
1082,40,129,G2,Normal,350
1083,91,157,F6,Normal,300
1084,77,191,K7,Normal,350
1085,33,200,E11,VIP,200
1086,6,56,E5,Normal,300
1087,88,196,D7,Normal,300
1088,19,35,B15,Normal,350
1089,80,123,G9,Normal,350
1090,40,131,G8,Honeymoon,300
1091,92,104,C12,Normal,240
1092,97,7,K4,Normal,240
1093,59,27,B12,VIP,350
1094,59,1,E12,Normal,240
1095,48,199,B3,Honeymoon,200
1096,41,172,F2,Normal,200
1097,13,87,C15,Normal,200
1098,45,41,H10,Normal,300
1099,89,123,F12,Normal,300
1100,53,75,K5,Normal,300
1101,42,42,G2,Normal,300
1102,100,117,B7,Normal,300
1103,63,161,G2,Normal,350
1104,27,178,F2,Normal,240
1105,38,63,B10,VIP,350
1106,60,165,H3,Normal,240
1107,7,187,J15,Normal,350
1108,5,127,H4,Honeymoon,200
1109,45,176,J14,Normal,160
1110,58,133,B9,Normal,300
1111,31,48,B4,Normal,160
1112,23,3,F8,Normal,160
1113,42,116,H10,Normal,200
1114,10,175,A9,VIP,160
1115,32,190,H7,Honeymoon,160
1116,53,99,G12,Normal,200
1117,30,116,D3,Normal,240
1118,39,14,E9,Normal,350
1119,31,191,H14,Honeymoon,160
1120,82,112,C15,Normal,300
1121,100,61,J5,Normal,200
1122,2,159,A14,Normal,160
1123,78,95,J14,Normal,240
1124,77,17,J15,Normal,240
1125,93,124,C7,Normal,300
1126,12,24,D8,Honeymoon,160
1127,39,116,B3,Normal,300
1128,66,151,C8,Normal,240
1129,96,82,J9,Honeymoon,240
1130,13,50,C14,Normal,350
1131,46,79,D2,Normal,240
1132,27,79,C5,Normal,200
1133,17,70,D15,Normal,350
1134,95,27,F15,Normal,300
1135,98,15,D7,Honeymoon,240
1136,60,50,A8,VIP,200
1137,64,36,H2,Normal,350
1138,88,8,J11,Normal,200
1139,35,79,K7,Normal,350
1140,70,131,G6,Normal,350
1141,83,190,B11,Normal,350
1142,30,47,H6,Normal,300
1143,71,105,J3,Normal,350
1144,74,98,D6,Normal,350
1145,96,96,J3,Normal,200
1146,98,189,A5,Normal,350
1147,63,160,F2,Normal,300
1148,28,116,A1,VIP,200
1149,60,13,A11,Normal,350
1150,79,1,A8,Honeymoon,200
1151,94,34,C2,Honeymoon,300
1152,37,190,B13,Honeymoon,200
1153,93,79,J11,Normal,300
1154,22,78,J8,VIP,240
1155,68,121,E2,Normal,350
1156,20,93,B12,Normal,300
1157,96,98,C15,Normal,350
1158,100,82,G15,Normal,300
1159,68,199,G2,Normal,160
1160,91,159,B10,Normal,160
1161,64,192,C14,Normal,160
1162,17,153,K7,Normal,300
1163,12,38,K1,Normal,350
1164,22,14,K7,Normal,160
1165,17,136,F5,VIP,350
1166,10,91,F7,Normal,300
1167,65,54,J15,Normal,350
1168,22,130,F13,VIP,350
1169,90,101,J7,Normal,160
1170,82,89,D10,Normal,200
1171,50,56,K6,Honeymoon,240
1172,14,94,D11,VIP,300
1173,64,93,A15,Normal,300
1174,47,84,D13,Normal,300
1175,29,85,F13,VIP,240
1176,76,189,G7,Normal,200
1177,36,22,K9,Normal,350
1178,99,35,A8,Normal,300
1179,52,16,C10,Normal,350
1180,76,50,A14,Honeymoon,160
1181,7,122,D8,Honeymoon,160
1182,29,128,J7,Honeymoon,160
1183,11,113,F5,Normal,300
1184,33,171,H10,Normal,240
1185,6,17,J14,Honeymoon,300
1186,79,80,D10,Normal,160
1187,32,186,C14,VIP,160
1188,51,130,B3,Honeymoon,300
1189,75,132,B1,Normal,240
1190,58,85,A12,Normal,240
1191,87,167,K13,Normal,350
1192,26,94,C15,VIP,200
1193,98,134,G3,Normal,160
1194,46,81,B7,Honeymoon,240
1195,98,69,G7,Normal,160
1196,29,69,D2,Normal,200
1197,4,148,B14,Normal,160
1198,81,192,C15,Normal,240
1199,99,16,F2,Honeymoon,350
1200,13,51,A9,Normal,300
1201,39,105,B9,Normal,300
1202,15,165,A15,Honeymoon,240
1203,29,197,A13,Normal,240
1204,29,170,G1,Normal,200
1205,75,185,G11,Normal,160
1206,32,66,E11,Normal,200
1207,2,9,J2,Normal,300
1208,47,107,F1,Honeymoon,160
1209,78,100,H11,Normal,200
1210,84,86,E1,Normal,300
1211,22,64,J6,Normal,160
1212,75,22,A1,Normal,350
1213,27,162,E8,Normal,350
1214,67,183,F13,Normal,200
1215,81,157,B6,Honeymoon,240
1216,56,166,J15,Normal,160
1217,92,110,A3,Normal,200
1218,93,97,D6,Normal,240
1219,21,18,F4,VIP,240
1220,47,71,G5,Normal,160
1221,80,193,J3,Normal,160
1222,59,127,A6,Normal,240
1223,84,97,B2,Normal,300
1224,6,1,H12,Normal,200
1225,19,132,D15,Honeymoon,160
1226,57,4,K15,Normal,240
1227,69,125,J5,Normal,300
1228,3,82,F6,Normal,350
1229,1,27,F10,Normal,240
1230,58,171,D6,Normal,300
1231,38,59,K4,Honeymoon,350
1232,15,32,E11,VIP,300
1233,34,161,C9,Honeymoon,160
1234,61,28,E9,VIP,240
1235,35,106,D3,Normal,350
1236,64,105,J5,Normal,300
1237,25,183,D12,Normal,350
1238,24,188,B6,Normal,200
1239,12,70,F7,Honeymoon,240
1240,18,62,G9,VIP,160
1241,15,34,K13,Honeymoon,350
1242,80,87,A15,Normal,300
1243,27,114,E9,Normal,350
1244,72,106,F1,Normal,300
1245,60,56,E2,Normal,350
1246,46,113,H14,Normal,160
1247,89,13,C7,Normal,160
1248,17,184,J14,VIP,240
1249,93,18,B11,Honeymoon,160
1250,53,182,A8,Normal,350
1251,8,113,A4,Normal,350
1252,79,171,B6,Normal,160
1253,27,39,K14,Normal,200
1254,46,189,B10,Honeymoon,350
1255,50,170,K8,Normal,240
1256,71,79,C13,Normal,200
1257,3,146,C7,Normal,160
1258,93,151,C12,Normal,300
1259,64,182,G2,Honeymoon,350
1260,44,30,E1,Normal,300
1261,53,98,K7,Honeymoon,240
1262,24,58,E8,Normal,200
1263,60,196,D8,Honeymoon,300
1264,3,67,F9,Normal,240
1265,20,71,C4,Normal,300
1266,46,146,F1,Normal,300
1267,15,106,G7,Normal,240
1268,25,7,K13,Honeymoon,350
1269,94,40,B15,Normal,300
1270,78,70,F13,Honeymoon,240
1271,71,193,A7,Normal,300
1272,17,68,C6,Honeymoon,350
1273,84,49,C8,Normal,240
1274,100,52,D7,Honeymoon,300
1275,9,114,K8,VIP,160
1276,38,107,K5,Normal,350
1277,48,29,K8,Normal,300
1278,60,149,G3,Normal,200
1279,63,78,H2,Normal,240
1280,86,9,J6,Normal,300
1281,2,175,D4,Normal,350
1282,88,76,B6,Honeymoon,350
1283,72,42,A15,Honeymoon,200
1284,11,179,A14,Honeymoon,200
1285,64,184,C12,Normal,300
1286,77,179,A15,Honeymoon,160
1287,81,198,E3,Normal,350
1288,72,128,B12,Normal,160
1289,21,20,G3,Normal,160
1290,18,155,G15,VIP,300
1291,94,166,D8,Honeymoon,240
1292,64,72,D7,Normal,240
1293,82,65,E3,Honeymoon,240
1294,95,182,D12,Normal,200
1295,38,113,H15,Honeymoon,350
1296,32,24,D7,Normal,200
1297,11,128,H2,Normal,350
1298,45,175,C13,Normal,350
1299,89,199,J15,Normal,350
1300,33,83,H12,Normal,300
1301,41,63,A4,Normal,240
1302,8,185,J13,Normal,200
1303,11,183,F5,Honeymoon,200
1304,86,60,C11,Honeymoon,300
1305,51,99,J12,Normal,350
1306,88,62,A2,VIP,240
1307,41,30,K14,Normal,160
1308,17,22,C13,Honeymoon,160
1309,76,126,F7,Normal,300
1310,46,157,H3,Normal,240
1311,32,169,K2,Normal,160
1312,79,42,B11,Honeymoon,160
1313,80,98,F7,Normal,200
1314,54,193,F8,Honeymoon,240
1315,86,31,J11,Normal,160
1316,92,158,E13,Normal,200
1317,20,112,G10,Normal,240
1318,33,146,D4,Honeymoon,350
1319,74,122,K10,Normal,240
1320,40,17,E3,Honeymoon,300
1321,32,38,D10,Normal,200
1322,97,142,C4,Honeymoon,350
1323,2,110,G15,Normal,200
1324,97,184,G15,Normal,200
1325,33,22,E9,Normal,160
1326,77,195,A15,Normal,240
1327,30,56,A3,Normal,200
1328,33,119,A3,VIP,200
1329,77,147,G12,Normal,300
1330,26,57,A4,Normal,300
1331,22,172,F13,Normal,300
1332,66,35,C15,Normal,200
1333,38,114,C15,Normal,350
1334,90,125,E15,Normal,240
1335,46,129,A9,Honeymoon,200
1336,15,52,K10,Normal,160
1337,98,85,H13,Honeymoon,350
1338,44,198,E5,Normal,350
1339,49,165,J11,Normal,240
1340,75,65,B11,Normal,350
1341,61,179,B11,Honeymoon,240
1342,67,129,B8,Normal,350
1343,6,21,B15,Honeymoon,240
1344,9,181,A10,Normal,300
1345,6,16,E12,Honeymoon,300
1346,73,123,E4,Normal,350
1347,95,61,K15,Normal,350
1348,32,54,K8,Normal,240
1349,41,168,J3,Normal,240
1350,76,26,G15,Normal,200
1351,8,80,E14,Normal,300
1352,72,65,K13,Honeymoon,200
1353,50,100,G15,Normal,200
1354,92,74,D2,Normal,160
1355,62,192,F12,Normal,240
1356,84,171,D8,Normal,160
1357,62,17,J9,Normal,160
1358,7,121,A2,Normal,200
1359,75,187,D13,Honeymoon,160
1360,84,23,K12,Normal,240
1361,80,135,E12,Normal,200
1362,4,172,K5,Normal,240
1363,6,181,B12,Normal,350
1364,58,71,B14,Normal,160
1365,22,108,A15,Normal,200
1366,26,79,J9,Normal,300
1367,3,162,D15,Normal,240
1368,41,46,H2,VIP,160
1369,60,196,A3,Normal,240
1370,14,78,H10,Normal,240
1371,75,16,K11,Normal,350
1372,82,71,D7,Normal,240
1373,12,96,D15,Honeymoon,350
1374,87,147,C4,Normal,350
1375,12,2,G6,Normal,350
1376,13,10,F14,Honeymoon,160
1377,25,178,D15,Normal,240
1378,45,125,B4,VIP,240
1379,19,81,H6,Honeymoon,350
1380,55,140,B7,Normal,240
1381,100,70,J8,Normal,240
1382,45,150,C5,Normal,350
1383,8,32,H2,Normal,300
1384,93,105,J8,Normal,300
1385,53,84,F8,Normal,350
1386,55,129,K3,VIP,160
1387,32,182,K8,Normal,240
1388,51,58,K4,Normal,240
1389,44,198,H6,Normal,300
1390,82,146,F15,Honeymoon,350
1391,70,134,B9,Normal,160
1392,18,45,F2,Normal,350
1393,83,97,G11,Honeymoon,300
1394,22,23,J12,Honeymoon,300
1395,37,23,A13,VIP,240
1396,96,154,G8,Honeymoon,200
1397,56,135,H15,Normal,160
1398,59,79,C7,Normal,160
1399,3,44,D3,Normal,200
1400,28,27,A1,Normal,300
1401,74,26,D15,Normal,350
1402,35,97,K5,Normal,160
1403,61,36,K14,VIP,200
1404,93,109,K4,Normal,240
1405,54,55,C14,Normal,240
1406,63,192,H10,Normal,300
1407,79,185,H3,Honeymoon,160
1408,97,69,C14,Normal,350
1409,7,61,F3,Normal,160
1410,76,130,B10,Normal,240
1411,49,55,J12,Normal,160
1412,94,122,H11,Normal,240
1413,85,97,H14,VIP,200
1414,31,80,K9,VIP,200
1415,58,87,A10,VIP,240
1416,61,38,H4,Normal,350
1417,24,119,C5,VIP,350
1418,20,78,J14,VIP,160
1419,37,157,B4,VIP,240
1420,4,154,A8,Normal,300
1421,92,35,A10,Honeymoon,350
1422,20,79,B14,Normal,350
1423,60,67,A15,Honeymoon,200
1424,24,87,F12,Normal,350
1425,50,157,B8,Normal,350
1426,49,34,D1,VIP,350
1427,51,97,B13,Normal,240
1428,96,169,B11,Normal,240
1429,36,169,A10,VIP,200
1430,98,151,A4,VIP,160
1431,100,71,D10,Normal,350
1432,66,3,E6,Honeymoon,160
1433,79,58,E7,Normal,240
1434,34,32,J15,Normal,350
1435,36,31,D10,Normal,160
1436,6,82,C1,Normal,160
1437,39,43,E14,Normal,300
1438,42,135,B4,Normal,240
1439,58,105,F6,VIP,200
1440,12,1,K12,Normal,200
1441,3,61,F12,Honeymoon,300
1442,18,14,B5,Honeymoon,160
1443,40,180,A13,Normal,300
1444,21,6,F2,VIP,300
1445,15,103,C13,Honeymoon,240
1446,97,10,K4,Normal,350
1447,99,71,K8,Normal,160
1448,26,90,K10,Honeymoon,200
1449,8,158,D5,Honeymoon,200
1450,100,149,B13,Honeymoon,300
1451,94,126,A4,Normal,300
1452,87,188,B7,Normal,300
1453,42,97,H14,Normal,160
1454,44,74,G11,Normal,300
1455,14,115,C9,Normal,300
1456,78,191,C4,Normal,350
1457,2,170,G7,Normal,160
1458,37,51,C14,Honeymoon,240
1459,69,192,C10,Normal,240
1460,38,56,G7,Normal,350
1461,41,41,K5,Honeymoon,200
1462,62,32,J10,VIP,240
1463,60,15,E14,Normal,160
1464,14,62,F11,Normal,200
1465,89,155,F15,VIP,300
1466,84,28,E7,Normal,160
1467,2,64,F1,Honeymoon,200
1468,70,187,G2,Normal,240
1469,17,186,A10,Normal,300
1470,89,130,F11,Normal,300
1471,28,127,G12,Normal,160
1472,66,36,H3,Normal,300
1473,35,114,G1,Normal,200
1474,5,199,F4,VIP,350
1475,65,13,F11,Normal,240
1476,40,15,H2,Normal,160
1477,76,89,G11,Honeymoon,350
1478,56,188,H3,Normal,350
1479,36,22,D15,Honeymoon,160
1480,45,191,D3,VIP,200
1481,23,74,H12,Normal,240
1482,47,25,H1,Normal,160
1483,31,101,K12,VIP,350
1484,11,176,C3,Normal,350
1485,10,171,C14,Normal,160
1486,67,117,H7,VIP,350
1487,14,166,F14,Honeymoon,160
1488,80,41,C6,VIP,160
1489,74,173,F6,Normal,240
1490,93,88,F13,Normal,160
1491,10,168,K14,Normal,350
1492,76,110,J10,Normal,300
1493,94,120,C1,Normal,240
1494,1,97,H3,Normal,350
1495,5,145,B15,Normal,350
1496,20,57,A12,Normal,240
1497,8,130,D6,Normal,240
1498,43,96,J1,Normal,350
1499,76,121,K4,VIP,300
1500,1,62,A13,Normal,200
1501,57,137,G1,Honeymoon,350
1502,64,68,E14,Honeymoon,240
1503,84,81,B5,Normal,160
1504,28,17,E12,Normal,160
1505,37,117,E13,Normal,240
1506,47,50,E11,Honeymoon,240
1507,76,112,F3,Normal,200
1508,37,94,B13,Honeymoon,240
1509,49,168,J10,VIP,160
1510,44,186,J1,VIP,300
1511,56,85,C13,Normal,240
1512,28,149,A8,Honeymoon,200
1513,79,146,A13,VIP,300
1514,6,183,H6,Normal,200
1515,61,157,C5,Normal,300
1516,20,152,B8,Normal,240
1517,78,74,D1,Normal,160
1518,2,109,A15,Honeymoon,300
1519,73,145,J10,Normal,350
1520,37,18,E1,Honeymoon,200
1521,20,42,H10,Honeymoon,300
1522,26,101,E4,Normal,200
1523,29,45,D7,Normal,160
1524,1,82,E9,Normal,200
1525,35,17,E7,Honeymoon,200
1526,70,73,F8,Normal,350
1527,59,14,A2,Normal,200
1528,69,177,F3,Normal,300
1529,33,157,B13,VIP,200
1530,51,132,D9,VIP,240
1531,78,82,E7,Normal,200
1532,12,148,G12,Normal,240
1533,20,120,H15,Honeymoon,200
1534,53,120,D3,Normal,200
1535,88,47,D2,Normal,300
1536,43,107,B6,Normal,240
1537,98,108,G2,Normal,240
1538,89,9,J1,Normal,350
1539,50,79,H11,Normal,200
1540,29,155,K15,Normal,200
1541,57,15,K14,Normal,300
1542,39,19,A1,Normal,350
1543,95,90,F2,Normal,350
1544,56,180,F10,Normal,300
1545,43,26,D1,Normal,240
1546,50,154,K2,VIP,160
1547,23,154,K10,Normal,300
1548,44,174,D2,Honeymoon,240
1549,38,92,D14,Normal,350
1550,84,177,D9,Normal,300
1551,23,82,F11,Normal,160
1552,45,181,A12,Normal,200
1553,52,131,A6,Honeymoon,300
1554,80,194,D8,Normal,160
1555,50,42,K9,Normal,160
1556,8,19,F15,Honeymoon,300
1557,85,17,A5,Normal,240
1558,1,161,E13,Normal,300
1559,8,76,A14,Normal,350
1560,29,177,H1,Normal,160
1561,96,184,D7,Normal,160
1562,5,63,H11,Normal,200
1563,86,131,B11,Normal,160
1564,47,107,D8,Normal,200
1565,34,49,H4,Honeymoon,160
1566,65,55,B14,Honeymoon,160
1567,55,154,B4,VIP,300
1568,90,99,D2,VIP,300
1569,43,200,K1,VIP,350
1570,74,52,B8,Honeymoon,240
1571,30,100,H12,Normal,350
1572,82,117,H1,Normal,160
1573,17,118,D8,Normal,350
1574,26,7,G6,Normal,300
1575,8,46,A5,Honeymoon,160
1576,47,46,B1,Normal,160
1577,76,100,B2,Normal,350
1578,91,144,G12,Normal,200
1579,72,152,B5,Normal,240
1580,89,189,H7,Normal,350
1581,46,54,H15,Normal,350
1582,68,62,H6,Normal,240
1583,33,129,A1,Normal,160
1584,1,49,D13,Normal,160
1585,19,25,G3,Normal,200
1586,31,10,A6,Honeymoon,350
1587,80,118,H3,Normal,240
1588,14,144,G13,Normal,350
1589,53,186,D5,VIP,300
1590,48,200,H13,Normal,350
1591,69,157,H5,Normal,350
1592,90,92,F13,Normal,300
1593,62,134,B5,Honeymoon,300
1594,92,144,A14,Normal,240
1595,66,148,J13,Normal,160
1596,64,80,C10,Honeymoon,200
1597,70,71,C4,Normal,300
1598,63,78,J4,Honeymoon,160
1599,73,43,C15,Normal,240
1600,33,154,F5,Normal,350
1601,41,90,E11,Honeymoon,240
1602,89,78,F3,Normal,240
1603,48,199,F3,Honeymoon,300
1604,13,161,C3,VIP,200
1605,73,26,C3,Normal,300
1606,77,121,C14,VIP,350
1607,31,45,B5,Normal,300
1608,75,63,H6,Honeymoon,350
1609,68,195,A7,Normal,300
1610,98,180,B9,Normal,200
1611,4,68,E10,Normal,160
1612,19,154,H7,Normal,200
1613,70,2,G14,Normal,300
1614,98,142,D9,VIP,240
1615,82,108,C8,Honeymoon,160
1616,13,30,E14,Normal,240
1617,23,49,F5,Normal,200
1618,83,140,C2,Honeymoon,160
1619,75,44,C15,Normal,300
1620,1,161,E1,Normal,240
1621,88,13,D8,Normal,300
1622,54,78,J8,Normal,350
1623,71,126,F1,Normal,160
1624,89,98,B12,Honeymoon,240
1625,85,26,E2,Normal,200
1626,15,149,B3,Normal,200
1627,65,156,J7,VIP,200
1628,76,48,H4,Normal,200
1629,71,168,G13,Normal,240
1630,15,66,F2,Normal,350
1631,21,87,H12,Normal,200
1632,19,79,G14,Normal,200
1633,60,23,D4,Normal,200
1634,93,81,H11,Normal,350
1635,89,48,K6,Normal,160
1636,33,124,G10,Normal,200
1637,49,130,J5,Honeymoon,200
1638,96,84,B10,Normal,200
1639,35,20,J8,Normal,160
1640,44,187,G10,VIP,200
1641,90,46,K11,Normal,160
1642,11,131,A5,Normal,160
1643,99,183,B4,Normal,300
1644,72,12,B3,Honeymoon,300
1645,78,40,J1,Normal,200
1646,74,66,C2,Normal,240
1647,66,100,K14,Normal,300
1648,46,78,A10,Normal,300
1649,9,16,C7,Honeymoon,240
1650,3,83,F11,Normal,350
1651,85,162,A13,Normal,200
1652,26,44,K10,VIP,350
1653,72,134,A9,Normal,350
1654,48,192,F13,Normal,160
1655,66,100,D1,Normal,160
1656,70,22,K1,Honeymoon,200
1657,28,18,H14,Honeymoon,240
1658,93,12,B4,VIP,160
1659,26,180,G4,Normal,300
1660,25,123,B11,Normal,200
1661,12,117,D1,Normal,350
1662,5,51,H13,Honeymoon,200
1663,98,71,D1,Normal,160
1664,48,48,A14,Normal,240
1665,37,19,F10,Honeymoon,350
1666,79,6,E3,Normal,240
1667,44,84,E12,Normal,200
1668,100,155,A3,Honeymoon,240
1669,15,53,B13,Normal,240
1670,43,107,J5,Normal,200
1671,48,101,F12,Normal,350
1672,87,48,K11,Normal,240
1673,70,135,F2,Normal,240
1674,46,187,F1,Normal,200
1675,43,69,H9,Normal,300
1676,21,11,J13,VIP,240
1677,23,143,E15,Normal,160
1678,80,192,D14,Normal,350
1679,47,131,D14,Normal,240
1680,15,122,D2,Honeymoon,200
1681,25,69,G5,Normal,160
1682,36,23,K6,Honeymoon,200
1683,75,181,F3,Honeymoon,240
1684,51,37,H8,VIP,160
1685,15,9,H4,Honeymoon,350
1686,68,15,H1,Normal,350
1687,21,131,F14,Honeymoon,350
1688,13,93,C3,VIP,300
1689,86,198,G7,VIP,200
1690,19,17,F4,Normal,240
1691,34,154,B1,Normal,160
1692,78,149,C14,Normal,200
1693,68,72,H15,Normal,240
1694,52,149,J14,Honeymoon,300
1695,27,121,H3,VIP,240
1696,29,11,K8,Normal,200
1697,28,166,A4,Honeymoon,240
1698,35,72,D11,Normal,160
1699,8,106,E4,Normal,300
1700,16,125,G5,Normal,160
1701,36,35,D11,Normal,300
1702,30,119,C2,Honeymoon,300
1703,18,14,H11,Normal,240
1704,2,14,A9,Normal,160
1705,49,10,G15,Normal,300
1706,77,140,F3,Normal,300
1707,4,38,F12,VIP,240
1708,90,108,B6,Normal,200
1709,89,119,D10,Normal,200
1710,94,34,F1,Honeymoon,350
1711,75,169,J10,Normal,350
1712,7,10,K6,Honeymoon,300
1713,95,122,J6,Normal,200
1714,74,145,J12,Normal,300
1715,39,145,F9,VIP,160
1716,13,195,H10,Honeymoon,200
1717,31,190,D3,Normal,200
1718,71,115,J3,Normal,200
1719,63,1,F3,VIP,350
1720,56,12,B15,Normal,240
1721,42,103,B14,Normal,240
1722,61,4,K1,Normal,350
1723,42,170,K5,Normal,350
1724,56,141,C11,Normal,350
1725,36,98,B11,Honeymoon,240
1726,84,106,D5,Normal,300
1727,68,85,A2,Honeymoon,350
1728,7,121,D10,Normal,300
1729,54,132,G14,Normal,300
1730,1,82,A14,Normal,160
1731,44,197,J14,Normal,240
1732,45,19,J8,Normal,300
1733,47,130,G14,Normal,240
1734,13,12,G5,Honeymoon,240
1735,22,81,F6,Normal,160
1736,21,74,E1,Normal,240
1737,86,98,A12,VIP,300
1738,92,6,A13,VIP,200
1739,9,136,K12,Normal,300
1740,26,125,F14,Normal,300
1741,9,51,G5,Honeymoon,240
1742,15,11,D14,Honeymoon,300
1743,10,191,C7,Normal,200
1744,88,185,B10,Normal,240
1745,42,127,B1,Honeymoon,350
1746,72,140,F12,VIP,300
1747,24,73,K7,Honeymoon,300
1748,80,2,J14,Normal,160
1749,49,8,B8,Normal,350
1750,26,139,J6,Normal,350
1751,91,124,D15,Normal,200
1752,37,53,K5,Normal,350
1753,68,10,K6,Normal,160
1754,50,112,G10,Normal,200
1755,24,8,G13,Normal,350
1756,19,36,J14,Honeymoon,200
1757,100,106,E3,Honeymoon,350
1758,60,14,C8,VIP,350
1759,39,182,J8,Honeymoon,350
1760,74,86,D5,Normal,300
1761,89,149,C10,Normal,350
1762,18,50,A8,Normal,300
1763,19,167,A8,Normal,240
1764,36,20,G14,VIP,160
1765,74,87,C4,Normal,200
1766,97,135,D12,Normal,200
1767,55,137,B7,Normal,240
1768,69,129,F12,Normal,350
1769,47,154,C10,Normal,160
1770,49,166,F11,Normal,240
1771,99,38,J13,Normal,240
1772,98,189,G5,Normal,200
1773,33,44,A13,VIP,300
1774,21,86,B13,Normal,300
1775,81,44,F9,Normal,350
1776,22,74,E2,Normal,350
1777,48,119,G3,Normal,240
1778,37,190,F12,Normal,350
1779,15,122,B9,Normal,300
1780,35,134,G8,Honeymoon,160
1781,92,145,A7,Honeymoon,200
1782,71,51,C7,Normal,300
1783,32,38,E8,Normal,350
1784,11,152,F11,Normal,200
1785,10,51,J13,Normal,200
1786,73,10,F12,Normal,240
1787,78,120,A15,Normal,350
1788,77,200,J3,Normal,240
1789,57,149,H2,Honeymoon,200
1790,25,70,F14,Honeymoon,240
1791,2,85,J5,Honeymoon,350
1792,64,57,H8,Normal,300
1793,35,126,K2,Normal,160
1794,7,39,K15,Normal,300
1795,85,33,H2,Normal,200
1796,18,187,F12,Normal,300
1797,67,18,E8,Normal,240
1798,42,184,A15,Normal,350
1799,39,57,E5,Honeymoon,300
1800,41,96,D9,Honeymoon,300
1801,75,48,G3,Normal,350
1802,24,42,B5,Normal,240
1803,60,27,C3,Normal,160
1804,46,74,G10,Normal,300
1805,19,110,F2,Normal,200
1806,68,180,J15,Honeymoon,240
1807,90,170,K1,Normal,240
1808,42,32,H2,Normal,300
1809,32,26,H15,Normal,350
1810,39,25,E14,Normal,300
1811,36,75,A11,Normal,300
1812,97,23,C1,Honeymoon,350
1813,36,57,A12,Normal,200
1814,3,180,J4,Normal,350
1815,73,126,F3,VIP,300
1816,8,87,G6,Normal,160
1817,97,31,D5,Normal,350
1818,70,64,H12,Normal,200
1819,41,199,B2,Honeymoon,350
1820,68,33,J9,Normal,350
1821,13,2,E4,Normal,240
1822,49,18,J12,VIP,240
1823,60,175,F12,Honeymoon,300
1824,2,161,B1,Normal,300
1825,60,84,E3,Honeymoon,350
1826,5,35,F1,Normal,160
1827,44,179,F10,Normal,300
1828,27,114,H4,Normal,350
1829,32,146,B2,Normal,350
1830,21,110,K6,Normal,350
1831,8,88,D13,Honeymoon,350
1832,72,72,F4,Normal,350
1833,50,125,E1,Normal,240
1834,67,30,H8,Normal,200
1835,44,172,J1,VIP,200
1836,58,53,C4,Honeymoon,350
1837,3,138,E10,Normal,300
1838,86,87,B2,VIP,160
1839,70,180,B5,Normal,350
1840,2,177,D14,Normal,160
1841,87,139,E9,Honeymoon,240
1842,44,194,G12,Normal,200
1843,2,186,H15,VIP,240
1844,81,164,K10,Normal,300
1845,35,161,D12,Normal,300
1846,98,175,F8,Honeymoon,350
1847,87,13,J9,Honeymoon,300
1848,30,40,A13,Normal,300
1849,8,89,A6,Normal,240
1850,22,68,G7,Honeymoon,160
1851,44,42,G4,Normal,200
1852,58,147,H5,VIP,300
1853,36,94,K3,Honeymoon,300
1854,69,19,D6,Normal,240
1855,77,186,K12,Normal,200
1856,93,23,D6,Normal,240
1857,31,54,F12,Normal,160
1858,47,65,E8,Honeymoon,240
1859,55,140,F9,VIP,200
1860,80,24,C12,Normal,200
1861,62,34,D12,Normal,300
1862,30,53,E2,Normal,160
1863,55,136,A7,Normal,350
1864,16,18,H7,Normal,300
1865,12,57,B11,Normal,240
1866,17,112,B4,Normal,240
1867,16,5,A9,Honeymoon,200
1868,12,154,E1,Normal,200
1869,8,158,B5,Honeymoon,200
1870,84,182,H1,Honeymoon,350
1871,3,13,D5,Normal,350
1872,16,83,F6,Normal,300
1873,30,29,K15,Normal,350
1874,23,3,K6,Normal,200
1875,92,90,K5,Honeymoon,300
1876,5,104,A10,Normal,300
1877,84,123,E5,Normal,160
1878,65,186,A8,Normal,350
1879,30,76,K14,Honeymoon,240
1880,21,130,B7,Normal,240
1881,84,108,B3,Normal,160
1882,70,156,A9,Normal,200
1883,22,82,D9,Honeymoon,160
1884,82,77,B11,Normal,200
1885,72,2,G4,Normal,350
1886,32,127,G10,Normal,350
1887,33,135,B11,Normal,300
1888,16,26,C4,Normal,300
1889,76,88,A8,Normal,300
1890,38,16,K3,Normal,300
1891,98,151,D3,Normal,240
1892,14,168,H2,Normal,300
1893,36,188,D9,Normal,300
1894,97,73,H14,Normal,300
1895,23,32,K8,Normal,200
1896,66,15,F6,VIP,300
1897,85,141,K11,Normal,160
1898,2,5,G6,Normal,300
1899,91,74,G12,Normal,300
1900,73,52,E2,Normal,240
1901,65,77,D1,Normal,300
1902,75,169,F12,Normal,200
1903,67,181,G9,VIP,350
1904,52,110,C9,Honeymoon,300
1905,62,178,K8,Honeymoon,300
1906,23,143,D8,VIP,300
1907,26,106,F5,VIP,240
1908,68,127,B1,Honeymoon,350
1909,82,7,G14,Normal,240
1910,55,40,E10,Normal,240
1911,6,156,K6,Normal,240
1912,35,160,H3,Normal,200
1913,22,99,D2,Normal,350
1914,43,143,A9,VIP,200
1915,15,85,C4,Normal,200
1916,86,198,F11,Normal,350
1917,60,65,H10,Normal,200
1918,12,132,E4,Normal,350
1919,49,11,C4,Normal,300
1920,42,108,A12,Normal,240
1921,38,26,G7,Normal,200
1922,82,189,J1,Normal,350
1923,45,165,K6,Normal,160
1924,35,151,F12,Normal,200
1925,30,85,G12,Normal,200
1926,88,168,G6,Normal,350
1927,30,151,H9,Normal,160
1928,78,123,D2,Normal,160
1929,6,144,D13,Normal,300
1930,67,189,J13,Normal,200
1931,80,68,J1,Normal,240
1932,7,104,H13,Normal,200
1933,52,80,A5,Honeymoon,240
1934,14,159,G6,Normal,240
1935,73,53,B6,Normal,350
1936,15,106,J8,Normal,200
1937,21,153,J4,Normal,350
1938,35,44,K11,Normal,300
1939,66,140,B6,Honeymoon,240
1940,91,90,D9,Honeymoon,160
1941,2,101,K3,Normal,240
1942,35,97,G14,VIP,300
1943,82,9,H6,Normal,240
1944,78,12,H11,Normal,350
1945,20,69,D12,Normal,200
1946,82,182,J8,Normal,160
1947,10,182,K15,Normal,350
1948,25,28,H15,Normal,200
1949,66,56,E10,Normal,160
1950,25,99,G5,Normal,300
1951,54,197,G9,Normal,240
1952,33,110,C12,Normal,160
1953,36,77,E10,Normal,300
1954,95,103,A2,Normal,200
1955,14,106,K10,Normal,160
1956,65,109,H4,Honeymoon,300
1957,80,112,E5,Normal,200
1958,54,58,E10,Honeymoon,350
1959,52,78,E9,Normal,240
1960,3,75,J1,Normal,300
1961,99,42,H4,Honeymoon,350
1962,41,166,D15,Normal,200
1963,6,68,G3,Normal,160
1964,25,181,A12,Normal,240
1965,13,33,G13,Normal,200
1966,98,71,H7,Normal,300
1967,8,56,E5,Normal,240
1968,21,105,D3,Honeymoon,350
1969,98,200,F13,Normal,240
1970,68,101,E2,Normal,350
1971,25,51,C14,Honeymoon,200
1972,79,74,K12,Normal,160
1973,68,171,K1,Normal,240
1974,45,121,D10,Normal,160
1975,60,143,H3,Normal,160
1976,12,166,D2,Normal,240
1977,32,143,A2,Normal,240
1978,96,5,H8,Normal,160
1979,92,83,A11,VIP,300
1980,13,182,K3,Honeymoon,300
1981,31,51,H7,Normal,240
1982,78,10,F15,Honeymoon,160
1983,20,140,D10,Normal,160
1984,18,4,K13,Normal,200
1985,93,95,B2,Normal,160
1986,60,146,E8,Normal,300
1987,63,80,J13,Honeymoon,200
1988,6,36,D7,Normal,300
1989,32,25,K3,Normal,350
1990,93,98,G7,Normal,240
1991,43,164,D3,Normal,350
1992,2,101,B14,Normal,240
1993,60,195,B12,Honeymoon,300
1994,23,9,K11,VIP,300
1995,83,61,G14,Normal,350
1996,31,53,D15,Normal,240
1997,5,146,H1,Normal,240
1998,83,171,E9,Honeymoon,200
1999,34,163,H9,Normal,160
2000,10,63,B6,Normal,200
2001,89,121,G12,Honeymoon,300
2002,2,105,J11,Normal,350
2003,11,4,G5,Normal,240
2004,50,93,G15,Normal,200
2005,31,169,J5,Normal,350
2006,56,173,A2,Normal,350
2007,79,178,E6,Normal,160
2008,73,28,H8,Normal,240
2009,87,170,C12,Normal,350
2010,83,80,B5,VIP,240
2011,9,76,G7,Normal,200
2012,99,116,E8,Honeymoon,350
2013,21,69,E15,Normal,350
2014,73,98,J5,Normal,200
2015,28,1,D2,Normal,240
2016,62,167,A5,Normal,240
2017,7,96,D4,Normal,350
2018,80,17,J4,Normal,200
2019,16,112,C7,Normal,300
2020,97,91,K11,Normal,240
2021,4,88,B4,VIP,300
2022,4,163,C10,Normal,350
2023,40,174,B2,Normal,300
2024,17,170,G9,Normal,300
2025,52,167,G3,Normal,240
2026,93,90,C12,Honeymoon,350
2027,52,49,J3,Normal,300
2028,36,190,H2,Normal,240
2029,38,38,E12,Normal,300
2030,50,151,E5,Honeymoon,240
2031,63,150,H4,Normal,350
2032,63,132,D8,Normal,200
2033,62,177,J15,Normal,240
2034,99,59,J13,Normal,240
2035,7,68,B9,Normal,300
2036,27,199,B13,Honeymoon,350
2037,92,130,E2,Honeymoon,160
2038,86,49,B2,Normal,160
2039,14,126,B5,Normal,200
2040,71,159,A3,Normal,350
2041,86,111,K8,Normal,240
2042,5,168,D6,Normal,160
2043,55,48,K1,Normal,200
2044,2,51,K6,VIP,350
2045,62,43,A3,Normal,200
2046,91,98,E13,VIP,160
2047,21,183,G15,Normal,300
2048,79,177,H13,Normal,300
2049,21,124,C4,Normal,350
2050,10,80,K2,Honeymoon,200
2051,87,185,E2,Normal,240
2052,58,111,H15,Honeymoon,160
2053,39,143,H10,Honeymoon,300
2054,5,27,A13,Normal,300
2055,65,196,E9,Normal,200
2056,13,192,F2,Honeymoon,300
2057,85,158,A1,Normal,200
2058,90,164,F14,Normal,160
2059,85,195,D2,Normal,200
2060,53,113,A4,Honeymoon,300
2061,82,86,A10,Normal,200
2062,45,114,B13,VIP,300
2063,32,124,J1,Normal,350
2064,36,49,J6,Normal,300
2065,81,76,J14,Normal,300
2066,99,55,K5,Normal,300
2067,60,56,E2,Honeymoon,350
2068,11,196,E7,VIP,240
2069,63,95,E14,Honeymoon,300
2070,21,44,G5,VIP,240
2071,52,159,K8,Normal,160
2072,55,186,C6,Normal,200
2073,26,87,K7,Normal,240
2074,68,181,H7,Honeymoon,160
2075,34,84,J11,Normal,200
2076,52,151,H8,VIP,300
2077,82,156,H5,Normal,300
2078,99,16,H9,VIP,300
2079,93,165,E7,Normal,350
2080,52,149,J6,Normal,350
2081,29,145,F11,Honeymoon,350
2082,38,37,B4,Honeymoon,350
2083,42,77,E9,Normal,160
2084,21,147,A10,VIP,160
2085,42,158,K6,Honeymoon,300
2086,13,45,J8,Normal,200
2087,64,146,G9,Normal,350
2088,17,62,C2,Normal,200
2089,9,164,H7,Normal,160
2090,41,100,B9,Honeymoon,350
2091,1,52,C5,Normal,160
2092,2,19,F8,Normal,160
2093,60,109,E10,Normal,240
2094,48,44,H4,Normal,160
2095,29,7,G9,Normal,300
2096,97,172,C3,Normal,160
2097,10,117,D11,Normal,350
2098,58,68,K12,Normal,300
2099,60,34,A12,VIP,160
2100,21,194,A11,Normal,300
2101,28,69,E10,Normal,160
2102,75,55,K5,Normal,300
2103,34,10,C11,Normal,200
2104,8,42,H1,Normal,240
2105,59,41,A3,Honeymoon,300
2106,86,197,A3,Normal,350
2107,72,122,F9,VIP,240
2108,49,138,H2,Normal,240
2109,79,10,J14,Honeymoon,160
2110,17,102,B5,Honeymoon,300
2111,60,188,K4,Normal,240
2112,87,128,G6,Normal,350
2113,88,179,J4,Normal,350
2114,45,149,B6,Normal,350
2115,83,136,H9,Honeymoon,160
2116,69,193,A13,Normal,200
2117,32,92,F11,Normal,300
2118,44,113,C5,Honeymoon,240
2119,65,78,D2,VIP,300
2120,87,85,K14,Normal,240
2121,8,30,K11,Honeymoon,160
2122,77,49,J5,Normal,300
2123,72,9,H5,Normal,160
2124,87,145,C7,Normal,160
2125,43,69,B6,Honeymoon,300
2126,1,58,A14,Normal,300
2127,51,185,G1,Normal,240
2128,24,62,D15,Normal,350
2129,99,52,J4,Normal,160
2130,24,189,B8,Normal,200
2131,17,40,H6,Honeymoon,240
2132,5,166,J4,Normal,240
2133,20,171,B15,Normal,350
2134,21,63,H10,Honeymoon,350
2135,58,147,F15,Honeymoon,160
2136,31,50,C8,Normal,240
2137,100,161,F8,Normal,240
2138,11,141,B12,VIP,200
2139,52,78,G14,Honeymoon,160
2140,15,97,H11,Normal,160
2141,83,190,A15,Normal,350
2142,7,43,A3,Normal,160
2143,28,177,A10,Normal,200
2144,51,36,H15,Normal,160
2145,58,122,K10,Normal,300
2146,5,108,J8,Normal,300
2147,5,10,A11,Honeymoon,200
2148,94,95,J13,Normal,350
2149,96,6,E9,Normal,240
2150,8,57,E4,VIP,160
2151,64,129,A14,Normal,350
2152,10,71,D5,Normal,350
2153,38,186,E12,Honeymoon,160
2154,96,21,E9,Normal,240
2155,92,92,J15,Honeymoon,160
2156,81,127,J7,Normal,240
2157,95,80,B1,Normal,200
2158,8,56,F3,VIP,240
2159,25,116,G11,Normal,350
2160,73,148,D11,Honeymoon,200
2161,66,182,G15,Normal,300
2162,79,25,J12,Normal,200
2163,50,156,D3,Honeymoon,240
2164,67,5,B2,Normal,200
2165,49,120,H6,Normal,200
2166,36,21,E10,Normal,300
2167,68,18,F5,Normal,240
2168,78,175,G3,Honeymoon,350
2169,41,198,C8,Honeymoon,200
2170,89,57,G11,Normal,160
2171,62,93,E2,Normal,350
2172,10,19,J1,Normal,200
2173,21,128,D3,Normal,350
2174,36,97,A10,Honeymoon,160
2175,12,193,C6,Normal,350
2176,91,131,A4,Normal,350
2177,2,170,C14,VIP,160
2178,13,21,D11,Normal,160
2179,53,40,C12,Normal,160
2180,32,67,H9,Normal,300
2181,95,153,K6,Honeymoon,160
2182,16,127,B6,Normal,350
2183,32,55,F4,Normal,160
2184,32,180,E9,VIP,200
2185,98,172,E10,Honeymoon,160
2186,11,109,E7,Honeymoon,160
2187,10,98,D3,Normal,240
2188,15,184,C6,Normal,350
2189,17,183,K14,Normal,350
2190,40,112,B12,Normal,200
2191,18,198,E12,Normal,300
2192,55,115,G11,Normal,240
2193,73,117,G6,Normal,200
2194,25,87,J8,Normal,200
2195,59,81,B11,Honeymoon,350
2196,78,66,E6,Normal,240
2197,89,19,K5,Normal,350
2198,22,135,B7,Normal,300
2199,30,118,B2,Normal,350
2200,84,191,A7,Normal,160
2201,85,42,H2,Normal,350
2202,44,42,E8,Honeymoon,160
2203,32,59,J8,Honeymoon,200
2204,51,20,C7,Normal,300
2205,46,73,C8,Honeymoon,160
2206,21,17,G6,Normal,300
2207,99,27,K4,Honeymoon,350
2208,32,175,A1,Normal,350
2209,94,2,C12,Normal,200
2210,39,63,E3,Honeymoon,350
2211,12,62,F6,Normal,160
2212,47,100,A8,Normal,200
2213,18,19,B12,VIP,300
2214,21,17,D7,Honeymoon,200
2215,13,69,K11,Normal,300
2216,21,167,G1,Normal,240
2217,8,117,F11,Honeymoon,160
2218,46,199,B1,VIP,160
2219,7,81,E6,Normal,300
2220,23,39,A5,Honeymoon,350
2221,96,36,F7,Honeymoon,350
2222,75,168,J11,Normal,240
2223,86,173,H13,Honeymoon,300
2224,22,132,F6,Normal,240
2225,89,153,E10,Normal,300
2226,22,197,H10,Normal,240
2227,92,158,A7,Normal,300
2228,29,196,D5,Honeymoon,160
2229,13,29,K7,Normal,240
2230,82,196,H6,Honeymoon,240
2231,2,51,D2,Honeymoon,300
2232,29,152,H7,Honeymoon,200
2233,85,14,C13,Normal,200
2234,79,69,G1,Normal,160
2235,52,146,B14,Normal,350
2236,27,170,J8,Honeymoon,350
2237,50,57,J13,Normal,160
2238,95,12,G6,VIP,350
2239,79,17,H12,Honeymoon,300
2240,23,30,E10,Honeymoon,200
2241,88,88,J10,Normal,160
2242,44,99,E10,Normal,300
2243,77,23,H5,Honeymoon,160
2244,22,129,J12,Normal,200
2245,43,79,D11,Honeymoon,350
2246,37,32,F14,Normal,300
2247,61,9,K2,Honeymoon,200
2248,97,15,J11,Honeymoon,160
2249,56,156,G10,Normal,240
2250,3,152,J9,Normal,300
2251,63,188,D12,Honeymoon,160
2252,19,163,K9,Normal,160
2253,23,27,D6,Normal,200
2254,29,109,H7,Normal,160
2255,30,76,G14,Normal,300
2256,39,148,J7,Normal,300
2257,25,65,D10,Honeymoon,160
2258,8,177,A1,Normal,200
2259,58,109,F15,Normal,300
2260,16,129,D8,VIP,240
2261,72,10,E13,Normal,350
2262,1,47,H3,Normal,200
2263,5,123,K15,Honeymoon,200
2264,3,59,A8,Honeymoon,350
2265,65,96,C12,Normal,350
2266,4,190,B10,VIP,300
2267,99,103,C8,VIP,160
2268,96,124,F10,Normal,160
2269,64,86,B9,Normal,240
2270,98,146,D15,Honeymoon,160
2271,89,112,H6,Normal,240
2272,10,174,E6,Normal,240
2273,21,160,K7,Honeymoon,200
2274,46,27,D8,Normal,200
2275,91,18,H1,Normal,300
2276,27,167,G6,Normal,350
2277,66,177,C9,Normal,350
2278,41,82,C12,Normal,240
2279,13,172,H6,Normal,350
2280,9,72,G14,Normal,240
2281,36,54,F2,Normal,350
2282,86,162,A8,VIP,300
2283,90,71,B11,VIP,200
2284,58,164,K5,Normal,200
2285,54,146,C13,Honeymoon,240
2286,12,38,H5,Honeymoon,350
2287,81,187,G10,Honeymoon,160
2288,78,137,E3,Normal,300
2289,14,200,D4,Normal,350
2290,34,179,H10,Honeymoon,160
2291,53,35,K2,Normal,300
2292,20,82,E5,Normal,300
2293,75,133,E11,Normal,200
2294,16,142,A7,VIP,240
2295,95,158,F5,Normal,350
2296,70,4,E7,Normal,300
2297,56,167,K3,Normal,350
2298,83,192,G11,Honeymoon,300
2299,58,153,G5,Normal,200
2300,4,156,F12,Normal,240
2301,4,194,G1,Normal,160
2302,20,150,G13,Normal,160
2303,10,159,J6,Normal,200
2304,24,23,H8,Normal,300
2305,99,48,A4,Normal,200
2306,26,148,F13,Normal,240
2307,37,125,A3,Honeymoon,160
2308,85,166,G1,Normal,350
2309,54,55,A3,Normal,160
2310,21,68,F6,Normal,240
2311,74,88,K3,Normal,300
2312,38,1,G4,Normal,200
2313,46,135,J6,Normal,160
2314,4,185,H8,Honeymoon,160
2315,60,95,K14,Normal,350
2316,57,140,G10,Normal,200
2317,45,106,D8,Normal,350
2318,20,133,F12,Normal,350
2319,17,108,F14,Normal,300
2320,71,178,D9,Normal,160
2321,4,42,B5,Normal,200
2322,93,102,H8,Normal,300
2323,14,124,D4,Normal,300
2324,3,140,J15,Normal,300
2325,88,103,B14,Normal,240
2326,80,146,D3,Normal,240
2327,58,194,A13,Normal,300
2328,55,74,A3,Normal,240
2329,4,108,A2,Normal,200
2330,24,122,B1,Normal,160
2331,34,17,G4,Normal,200
2332,30,196,G12,Normal,160
2333,82,71,J14,Normal,240
2334,19,62,C15,Normal,200
2335,31,41,E11,Normal,350
2336,60,119,J13,Honeymoon,300
2337,60,162,D11,Honeymoon,160
2338,19,198,J7,Normal,160
2339,49,45,C2,Honeymoon,350
2340,63,58,D4,Normal,350
2341,83,179,A13,Normal,300
2342,22,126,B10,VIP,240
2343,24,162,D15,Honeymoon,200
2344,76,44,D14,VIP,200
2345,30,15,D13,Normal,200
2346,58,78,B5,Normal,240
2347,31,70,J13,Normal,300
2348,100,178,D12,Normal,200
2349,64,101,D9,Normal,160
2350,19,160,H7,Honeymoon,160
2351,48,195,F11,Normal,160
2352,45,3,C7,Normal,350
2353,100,86,F9,Normal,350
2354,94,74,D3,Normal,240
2355,55,51,H13,Normal,200
2356,55,67,D3,VIP,350
2357,97,76,H7,Normal,160
2358,18,93,H5,Normal,350
2359,63,176,A6,Honeymoon,160
2360,92,145,F3,VIP,200
2361,47,7,B8,Honeymoon,240
2362,75,13,J6,Honeymoon,300
2363,57,120,F9,Normal,300
2364,45,66,A13,VIP,160
2365,33,4,D2,Normal,350
2366,17,138,C14,Honeymoon,350
2367,70,88,G15,Normal,160
2368,4,17,A14,Normal,200
2369,20,52,J1,Normal,160
2370,47,134,C6,Normal,200
2371,91,69,A8,Normal,240
2372,15,137,K15,Normal,240
2373,70,21,B1,Honeymoon,160
2374,47,24,G1,Normal,240
2375,78,4,H15,Normal,350
2376,75,152,D15,Honeymoon,200
2377,9,187,A10,Normal,300
2378,90,3,C1,Normal,300
2379,16,68,B6,Normal,240
2380,69,101,F6,Normal,200
2381,61,168,C3,VIP,350
2382,10,176,C1,VIP,300
2383,50,54,K14,Honeymoon,350
2384,3,35,C6,Normal,350
2385,77,56,J12,Normal,300
2386,94,108,E8,Normal,300
2387,70,40,F15,Normal,240
2388,81,68,J12,Normal,200
2389,51,46,A9,Normal,160
2390,19,78,B15,Normal,200
2391,42,141,H10,Normal,160
2392,35,155,C15,Normal,300
2393,46,6,A4,VIP,350
2394,26,17,E9,Normal,200
2395,69,164,B8,Honeymoon,350
2396,93,99,B1,Honeymoon,200
2397,64,81,B7,Normal,200
2398,37,2,E12,Normal,350
2399,84,77,D3,Normal,240
2400,49,180,H2,Normal,300
2401,21,66,J13,Normal,240
2402,74,52,A7,VIP,240
2403,64,92,D6,VIP,200
2404,5,171,E5,Normal,300
2405,100,22,A9,VIP,200
2406,70,111,F7,Normal,160
2407,90,107,C15,Honeymoon,200
2408,4,183,J2,Normal,350
2409,39,67,A10,Normal,200
2410,35,188,E13,Normal,160
2411,1,186,D3,Honeymoon,200
2412,24,140,F12,Normal,160
2413,57,69,H6,Normal,300
2414,100,84,B1,VIP,200
2415,70,103,D8,VIP,160
2416,41,39,C10,Normal,300
2417,54,13,G10,Honeymoon,350
2418,46,41,B5,Normal,240
2419,60,57,E9,Normal,160
2420,60,181,C15,Normal,350
2421,57,12,A6,Normal,300
2422,31,13,C9,Normal,350
2423,84,120,G12,Normal,200
2424,24,97,J10,Normal,240
2425,89,57,H2,Honeymoon,160
2426,36,40,C9,Honeymoon,300
2427,85,118,H13,Normal,240
2428,30,80,K14,Normal,300
2429,24,128,F7,Normal,350
2430,30,173,D9,Honeymoon,300
2431,86,35,H5,Normal,300
2432,92,3,A12,Normal,350
2433,7,120,H5,Normal,350
2434,35,5,C8,Normal,240
2435,55,11,K8,Normal,160
2436,92,126,A7,VIP,350
2437,14,71,F3,Normal,240
2438,10,117,E5,Normal,300
2439,80,184,G12,Normal,300
2440,16,138,G11,Honeymoon,200
2441,54,106,C14,Normal,350
2442,95,116,C1,Normal,240
2443,89,162,F2,Normal,240
2444,77,67,D3,Honeymoon,160
2445,70,200,F7,Normal,240
2446,44,31,J7,Normal,350
2447,73,75,F9,VIP,240
2448,45,71,A10,VIP,200
2449,100,66,B14,Normal,300
2450,56,70,D3,VIP,300
2451,84,41,H11,Normal,240
2452,82,191,A13,Normal,240
2453,57,160,D2,Normal,240
2454,21,20,G13,Normal,240
2455,68,185,G1,Normal,200
2456,50,178,D8,Normal,350
2457,33,153,G2,Honeymoon,200
2458,91,140,F2,Honeymoon,200
2459,7,199,C14,Normal,200
2460,70,39,A2,Normal,300
2461,15,145,G11,Normal,200
2462,82,45,D12,Normal,240
2463,32,139,D12,Normal,200
2464,75,70,C4,Normal,240
2465,20,125,D13,Normal,350
2466,88,151,C5,Normal,300
2467,15,91,E15,Honeymoon,350
2468,48,70,C3,Honeymoon,350
2469,71,166,H10,Normal,300
2470,21,130,E15,Normal,240
2471,42,84,E13,Normal,240
2472,26,89,F3,Normal,240
2473,14,79,A9,Normal,300
2474,57,113,D3,Normal,200
2475,37,93,E7,Normal,160
2476,58,72,H14,Normal,200
2477,21,165,J13,Normal,200
2478,82,49,H14,Normal,350
2479,69,52,F11,Normal,160
2480,3,33,H1,VIP,240
2481,87,22,F1,Honeymoon,200
2482,90,114,C10,Normal,300
2483,37,133,B4,Normal,200
2484,88,18,D2,Honeymoon,240
2485,49,166,E5,Normal,200
2486,19,118,K11,Honeymoon,350
2487,89,117,B15,Normal,350
2488,85,37,J6,VIP,200
2489,12,64,E6,Honeymoon,350
2490,61,138,A5,Normal,300
2491,41,79,G3,Normal,160
2492,33,170,G7,Normal,200
2493,50,123,G4,Normal,300
2494,68,176,H1,Normal,300
2495,71,44,J13,Normal,300
2496,86,82,F10,Normal,240
2497,33,87,D13,Normal,200
2498,81,16,F4,Honeymoon,200
2499,24,54,A8,Normal,200
2500,61,102,A12,Normal,160
2501,61,163,K14,Normal,300
2502,98,98,G4,Normal,200
2503,28,156,G1,Normal,350
2504,58,2,C3,VIP,240
2505,43,94,G10,Normal,160
2506,41,141,A15,Normal,240
2507,39,169,H9,Normal,300
2508,86,59,J9,Normal,350
2509,49,69,A11,Honeymoon,300
2510,17,119,D10,Normal,200
2511,98,92,A2,Normal,240
2512,70,181,E5,Normal,350
2513,70,45,B1,VIP,240
2514,98,148,K15,Normal,160
2515,65,24,H1,Honeymoon,350
2516,74,189,K11,Normal,160
2517,85,91,B15,Normal,350
2518,5,94,A10,Normal,200
2519,2,58,E2,Normal,240
2520,22,155,F10,Normal,240
2521,57,154,J14,Normal,300
2522,66,128,E7,Normal,350
2523,74,7,C11,Honeymoon,350
2524,98,170,B3,Normal,160
2525,16,47,D13,Normal,350
2526,51,53,D15,Normal,240
2527,39,187,F13,Normal,350
2528,86,38,B12,Normal,300
2529,76,197,E8,Normal,300
2530,88,53,B7,Normal,240
2531,40,143,C10,Normal,240
2532,38,154,H4,Normal,240
2533,60,48,E14,Honeymoon,350
2534,59,95,E6,Normal,350
2535,10,147,A6,Normal,200
2536,99,137,H7,Honeymoon,160
2537,64,64,B3,Normal,350
2538,63,93,F6,Normal,200
2539,49,182,G12,Normal,200
2540,64,125,H5,Honeymoon,300
2541,32,179,B15,VIP,350
2542,7,39,J2,Honeymoon,200
2543,21,4,K14,Normal,300
2544,20,126,E2,Normal,160
2545,26,3,K3,Normal,300
2546,68,64,H15,Normal,160
2547,86,29,H2,VIP,240
2548,15,116,K6,Normal,240
2549,85,11,F1,Normal,300
2550,79,97,A9,Honeymoon,240
2551,86,102,C9,Honeymoon,350
2552,92,186,B9,Normal,300
2553,14,155,J5,Normal,200
2554,27,21,H13,Normal,350
2555,40,39,C4,Normal,300
2556,58,102,E1,Normal,160
2557,28,46,J13,Normal,240
2558,26,66,F4,VIP,240
2559,63,91,D5,Normal,240
2560,66,164,J12,Normal,300
2561,25,111,D6,Normal,350
2562,3,82,D7,Normal,160
2563,72,123,J2,Normal,240
2564,44,193,A8,VIP,350
2565,97,191,H8,Honeymoon,200
2566,42,99,C15,Normal,200
2567,99,35,F13,Honeymoon,160
2568,6,159,B13,Normal,240
2569,39,156,H14,Normal,200
2570,52,103,H2,Normal,350
2571,23,129,B12,Honeymoon,350
2572,89,25,F6,Normal,200
2573,50,43,G11,Normal,240
2574,43,84,E2,Honeymoon,160
2575,19,195,E2,Normal,240
2576,69,191,B11,Normal,300
2577,51,51,J1,Normal,200
2578,11,130,B9,Normal,300
2579,12,126,C9,Normal,200
2580,74,192,J4,Normal,160
2581,8,69,B6,VIP,240
2582,24,9,G4,Normal,240
2583,92,2,H10,Normal,200
2584,41,162,J1,Normal,350
2585,36,188,A13,Honeymoon,300
2586,85,189,J11,VIP,240
2587,72,159,B4,Normal,240
2588,55,10,K7,Normal,200
2589,9,114,F6,Honeymoon,350
2590,47,76,J3,Honeymoon,300
2591,15,164,E8,Normal,350
2592,48,85,B4,Normal,350
2593,82,49,E4,Normal,200
2594,42,70,G11,Normal,350
2595,60,177,E6,VIP,300
2596,84,131,E6,Normal,160
2597,70,133,E15,Normal,160
2598,12,189,C15,Normal,300
2599,2,90,F12,Normal,200
2600,7,26,E7,Normal,240
2601,80,72,A3,Normal,200
2602,3,5,B9,Normal,300
2603,3,15,F13,Normal,350
2604,27,123,B2,Normal,160
2605,40,144,C10,Honeymoon,350
2606,33,1,A6,VIP,200
2607,92,144,K14,Normal,300
2608,1,165,H14,Honeymoon,160
2609,8,3,H15,Normal,300
2610,32,180,C5,Normal,160
2611,48,47,H8,VIP,160
2612,4,95,B14,Normal,160
2613,94,13,A7,Normal,200
2614,70,120,D8,VIP,300
2615,19,55,B8,Honeymoon,240
2616,32,149,G7,Normal,240
2617,9,66,K1,VIP,240
2618,12,182,F1,Normal,300
2619,11,155,A10,Normal,350
2620,46,166,H12,Normal,300
2621,16,90,B9,Normal,160
2622,1,186,C9,Normal,350
2623,63,62,E6,Normal,160
2624,21,102,A6,Normal,160
2625,30,174,B6,Normal,300
2626,13,139,E13,Normal,240
2627,34,200,E14,Normal,350
2628,4,8,C6,VIP,200
2629,28,97,J11,Normal,240
2630,95,117,C14,Normal,200
2631,59,199,G1,Normal,300
2632,27,64,D15,Honeymoon,350
2633,69,21,G3,Normal,300
2634,25,200,F8,Normal,200
2635,3,115,F8,Normal,160
2636,97,191,F2,Normal,300
2637,68,85,B11,Normal,350
2638,25,192,B6,Normal,300
2639,20,20,H15,VIP,240
2640,34,8,J10,Normal,300
2641,26,58,H3,Honeymoon,200
2642,5,46,B12,VIP,300
2643,99,31,E11,VIP,350
2644,61,93,K13,VIP,300
2645,92,9,D5,Honeymoon,300
2646,93,15,G5,Normal,350
2647,9,94,B8,Normal,300
2648,50,154,K6,Normal,350
2649,6,138,F6,Honeymoon,200
2650,83,29,J12,Normal,350
2651,60,80,K7,Normal,200
2652,44,36,B5,Normal,200
2653,11,84,J4,Honeymoon,350
2654,66,109,A13,Honeymoon,300
2655,47,118,A3,Normal,240
2656,73,37,J11,Normal,350
2657,85,86,J9,Normal,300
2658,88,71,F15,Normal,200
2659,98,151,C5,Normal,160
2660,86,169,A14,Normal,240
2661,3,93,K6,VIP,300
2662,76,80,D5,Normal,240
2663,92,102,F3,Normal,160
2664,30,156,A3,Honeymoon,160
2665,90,176,C10,Normal,160
2666,21,166,D6,Normal,350
2667,28,159,A1,Normal,240
2668,90,14,G14,VIP,350
2669,62,117,J15,Normal,160
2670,33,73,H12,Normal,300
2671,85,91,H11,VIP,160
2672,35,90,D7,Honeymoon,350
2673,52,29,H15,Normal,160
2674,34,179,K4,Honeymoon,160
2675,41,49,K7,VIP,350
2676,51,171,F11,VIP,350
2677,47,72,D1,VIP,300
2678,82,133,F1,Normal,350
2679,58,42,A10,Normal,300
2680,75,135,E1,Normal,200
2681,57,42,B3,Normal,200
2682,23,164,F11,VIP,350
2683,48,105,K2,Honeymoon,160
2684,22,27,K10,Normal,240
2685,17,58,J8,Normal,160
2686,69,46,G14,Normal,350
2687,11,66,K6,Normal,300
2688,94,25,G11,Honeymoon,160
2689,15,73,A6,Normal,200
2690,91,117,F10,Normal,350
2691,35,155,D6,Normal,160
2692,33,129,C6,Normal,160
2693,84,87,E11,VIP,300
2694,16,74,G10,Normal,300
2695,34,170,B10,VIP,300
2696,66,180,K4,Normal,240
2697,99,153,C14,Normal,350
2698,40,182,A14,Normal,350
2699,28,125,B14,Honeymoon,200
2700,47,67,E14,Normal,200
2701,39,6,D5,Normal,350
2702,70,125,A5,Normal,160
2703,73,58,H5,Normal,350
2704,20,70,J2,Normal,240
2705,1,53,F13,Normal,200
2706,72,66,D12,Normal,200
2707,87,58,B11,Normal,200
2708,63,82,A6,Normal,350
2709,67,87,K9,Normal,200
2710,4,2,D15,VIP,200
2711,58,150,G10,Normal,350
2712,25,37,A12,VIP,160
2713,47,148,E15,Normal,200
2714,38,103,A3,Honeymoon,200
2715,15,24,E3,Normal,200
2716,63,112,J14,Normal,240
2717,21,65,B4,Honeymoon,350
2718,99,193,B3,Honeymoon,200
2719,57,129,F5,Honeymoon,240
2720,53,117,E13,Honeymoon,160
2721,46,116,J11,Normal,160
2722,14,105,J6,Normal,240
2723,100,3,E12,Normal,160
2724,76,46,C8,Honeymoon,300
2725,17,55,E8,Normal,160
2726,39,75,F5,VIP,300
2727,9,192,C12,Normal,240
2728,99,45,E4,Normal,300
2729,77,154,F3,Normal,160
2730,79,77,J7,Normal,200
2731,82,193,G15,Honeymoon,300
2732,97,24,F1,Normal,160
2733,6,35,J12,VIP,200
2734,91,24,J10,Honeymoon,240
2735,23,28,J2,Normal,240
2736,59,16,C14,Honeymoon,350
2737,91,59,G12,Normal,240
2738,98,182,E2,Normal,350
2739,46,144,A1,Normal,240
2740,38,15,B2,Normal,240
2741,14,11,B1,Normal,240
2742,100,193,A9,Honeymoon,350
2743,72,79,D14,Normal,350
2744,62,115,H14,Normal,300
2745,35,68,K2,Normal,160
2746,19,43,K5,Normal,160
2747,30,69,H14,Honeymoon,160
2748,78,141,C11,Honeymoon,240
2749,84,138,K8,Normal,160
2750,25,75,E6,Honeymoon,350
2751,40,103,E15,Normal,300
2752,88,41,A11,Normal,200
2753,14,178,A8,Normal,300
2754,26,199,J14,Normal,160
2755,87,59,K13,Honeymoon,160
2756,22,39,G9,Normal,350
2757,48,3,E12,Normal,300
2758,83,7,H8,Normal,350
2759,51,49,H2,Normal,350
2760,3,26,C4,Normal,200
2761,42,161,D12,Normal,350
2762,19,101,H12,VIP,350
2763,73,176,H15,Honeymoon,200
2764,28,79,K12,Normal,240
2765,84,2,E11,Honeymoon,240
2766,45,127,C10,Normal,200
2767,71,199,K7,Normal,350
2768,78,160,G13,Normal,160
2769,63,132,J4,Normal,300
2770,73,20,J3,Honeymoon,160
2771,19,117,G10,Normal,160
2772,47,164,K2,Honeymoon,350
2773,14,32,D13,Normal,300
2774,38,28,K13,Normal,300
2775,53,77,H4,Honeymoon,240
2776,61,1,J1,Normal,200
2777,36,188,G2,Normal,350
2778,40,56,D5,Normal,300
2779,81,35,K13,Normal,350
2780,30,112,G15,VIP,240
2781,9,30,H12,Normal,160
2782,64,54,B12,Normal,300
2783,33,36,C2,Honeymoon,240
2784,52,183,A1,Normal,350
2785,89,80,B2,Normal,240
2786,14,58,K2,Normal,240
2787,75,83,F9,Normal,240
2788,53,65,C15,Normal,240
2789,99,69,E6,Normal,240
2790,59,128,C2,Honeymoon,240
2791,78,51,C15,Normal,200
2792,94,22,A9,Normal,350
2793,41,107,B15,Normal,160
2794,68,109,F9,Normal,350
2795,68,116,D15,VIP,300
2796,92,101,A1,Normal,300
2797,8,181,A5,Normal,350
2798,2,100,E3,Normal,240
2799,86,164,E5,Normal,200
2800,41,68,F3,Normal,160
2801,55,36,J12,Normal,240
2802,16,180,H9,Normal,350
2803,93,181,B10,Normal,350
2804,62,178,J15,Normal,200
2805,48,169,K6,Normal,200
2806,30,146,C13,Normal,350
2807,12,22,D12,VIP,240
2808,35,66,K7,Normal,240
2809,11,21,E12,VIP,240
2810,64,100,B12,Normal,160
2811,50,128,J8,Honeymoon,160
2812,85,44,H1,Normal,240
2813,21,103,E11,Normal,350
2814,69,47,E7,Normal,200
2815,48,39,F15,Normal,300
2816,20,29,A4,Normal,200
2817,67,54,H1,Normal,200
2818,44,90,F4,Normal,300
2819,33,85,G6,Normal,240
2820,73,17,G3,Normal,200
2821,61,80,E14,Normal,300
2822,9,188,J6,Normal,350
2823,68,159,B1,Normal,350
2824,35,73,K12,Normal,350
2825,81,49,H11,Normal,240
2826,98,101,B3,Normal,200
2827,88,2,B1,Normal,200
2828,96,176,J10,VIP,160
2829,65,142,D11,Normal,350
2830,8,59,F4,VIP,240
2831,45,97,G13,Normal,300
2832,87,99,B13,VIP,240
2833,47,186,A5,Honeymoon,200
2834,40,103,H1,Normal,350
2835,76,186,B7,Normal,160
2836,54,179,H12,Normal,240
2837,76,2,G10,Normal,160
2838,46,41,A13,VIP,200
2839,47,123,E5,VIP,300
2840,15,82,K9,Honeymoon,240
2841,19,144,F11,Honeymoon,200
2842,26,132,E4,VIP,350
2843,52,140,C2,Normal,240
2844,93,29,F5,Normal,160
2845,22,135,D6,Normal,240
2846,21,14,F4,Normal,200
2847,51,12,H1,Normal,200
2848,38,99,E3,Normal,160
2849,20,133,F1,Normal,200
2850,29,81,D15,Normal,240
2851,51,106,E5,Honeymoon,160
2852,4,32,H12,Normal,200
2853,55,74,F6,Normal,200
2854,71,171,G15,Honeymoon,240
2855,92,81,J8,Normal,200
2856,28,69,E11,Normal,240
2857,4,45,F11,Normal,350
2858,22,106,K5,Normal,240
2859,76,137,E11,VIP,300
2860,45,177,D1,Normal,200
2861,67,161,D2,Normal,350
2862,86,100,F4,Normal,160
2863,66,146,K14,Honeymoon,300
2864,88,9,K7,Normal,160
2865,34,62,J10,Honeymoon,300
2866,91,185,J7,Normal,350
2867,55,29,H4,Honeymoon,350
2868,1,125,H14,Honeymoon,350
2869,72,114,G11,Honeymoon,300
2870,87,153,A6,Normal,240
2871,38,143,J6,Honeymoon,160
2872,6,134,G13,Normal,240
2873,86,120,C7,Honeymoon,240
2874,25,170,K7,Normal,200
2875,82,157,C7,Normal,160
2876,17,79,A8,Normal,300
2877,61,93,F2,Normal,200
2878,12,4,K6,Normal,200
2879,6,82,C10,Normal,350
2880,90,185,H2,Normal,300
2881,27,177,G2,Honeymoon,240
2882,8,172,B3,Normal,240
2883,83,75,D12,Normal,240
2884,65,14,F8,Honeymoon,350
2885,57,131,C2,Normal,240
2886,93,114,B10,Normal,160
2887,99,62,C3,Normal,240
2888,40,106,F13,Normal,240
2889,14,64,G14,Normal,160
2890,35,102,C4,Normal,350
2891,48,173,G12,VIP,200
2892,84,106,J7,Normal,300
2893,56,186,E9,Normal,350
2894,49,20,C10,Honeymoon,240
2895,13,58,F5,Normal,200
2896,61,112,K6,Normal,300
2897,49,57,C1,Honeymoon,300
2898,46,196,H11,Normal,300
2899,62,119,E3,VIP,160
2900,8,97,D3,Normal,160
2901,43,92,F12,Honeymoon,200
2902,20,52,D3,Normal,240
2903,97,37,E1,Normal,200
2904,90,8,K5,Normal,240
2905,39,44,F3,VIP,350
2906,85,98,B3,Honeymoon,300
2907,49,133,B13,Normal,300
2908,64,118,F5,VIP,160
2909,62,69,B1,Normal,350
2910,54,159,F2,Normal,350
2911,9,45,K2,Normal,240
2912,88,137,B11,Honeymoon,350
2913,37,32,B13,Honeymoon,160
2914,49,33,G15,Normal,240
2915,41,126,F2,VIP,200
2916,17,67,A9,Normal,240
2917,88,30,D6,Normal,200
2918,21,114,F1,Normal,240
2919,51,29,J2,VIP,300
2920,59,131,C2,Normal,200
2921,39,185,D12,Normal,160
2922,55,30,D9,Normal,200
2923,41,137,H11,Normal,200
2924,39,154,K9,Normal,240
2925,13,130,E2,Normal,300
2926,64,62,F9,VIP,240
2927,11,3,D11,Normal,240
2928,19,174,B8,Normal,300
2929,11,68,B2,Honeymoon,240
2930,77,25,F3,Normal,300
2931,46,179,B7,VIP,160
2932,45,141,H3,Normal,300
2933,1,44,B2,Normal,350
2934,40,163,A15,Normal,300
2935,19,55,H9,Honeymoon,300
2936,76,137,D3,VIP,350
2937,72,130,H8,Normal,300
2938,72,189,G7,Normal,200
2939,61,41,G1,Normal,240
2940,12,172,B1,Normal,240
2941,61,64,G8,Normal,160
2942,33,31,H6,Normal,160
2943,45,47,A1,Normal,350
2944,90,130,C11,Normal,200
2945,92,96,D3,Honeymoon,160
2946,69,77,H3,Normal,240
2947,8,110,G13,Normal,160
2948,25,69,J8,Normal,160
2949,91,58,B15,Normal,300
2950,46,106,C15,Honeymoon,160
2951,87,44,F5,Normal,350
2952,30,74,C9,Normal,240
2953,47,56,C15,Normal,350
2954,87,171,F3,Honeymoon,350
2955,49,127,F6,Normal,200
2956,47,162,K5,Normal,300
2957,84,30,G3,Normal,350
2958,82,71,C2,Normal,200
2959,18,198,B9,Normal,240
2960,66,118,H11,Normal,240
2961,68,55,A13,Honeymoon,200
2962,94,67,K13,Honeymoon,350
2963,33,141,F4,Normal,350
2964,36,3,D11,Normal,300
2965,82,26,D8,Normal,300
2966,19,57,E8,Normal,240
2967,28,126,C4,Normal,300
2968,40,152,B13,Normal,200
2969,84,53,D5,Normal,240
2970,97,198,J10,Normal,350
2971,76,43,H6,Normal,240
2972,15,188,G4,Normal,160
2973,41,186,D2,Normal,240
2974,39,49,B11,VIP,300
2975,2,42,F9,Normal,200
2976,63,194,H1,Honeymoon,350
2977,29,11,G2,Normal,350
2978,74,103,H15,Honeymoon,300
2979,66,98,E15,Normal,300
2980,51,146,J2,VIP,300
2981,75,85,C11,Normal,160
2982,77,100,D7,Normal,200
2983,10,104,F7,Normal,160
2984,14,180,J14,Normal,300
2985,82,46,E14,Normal,200
2986,51,44,E6,Normal,300
2987,73,22,B9,Normal,200
2988,39,181,B13,Normal,350
2989,28,187,H12,Normal,160
2990,3,114,H9,Normal,300
2991,84,125,E1,Normal,300
2992,70,124,E9,VIP,240
2993,27,30,H9,VIP,350
2994,2,8,E15,Honeymoon,300
2995,93,98,D14,Honeymoon,160
2996,38,57,J10,Normal,350
2997,3,111,A15,VIP,300
2998,16,73,G15,Normal,160
2999,94,115,K13,Normal,240
3000,40,20,G8,Honeymoon,240
3001,2,25,C5,Normal,160
3002,81,19,C1,Normal,350
3003,41,5,J7,Normal,160
3004,12,75,B4,Normal,160
3005,35,128,B9,Normal,240
3006,65,72,F9,Normal,240
3007,55,155,G2,Normal,240
3008,45,40,K10,Normal,300
3009,79,26,K12,Normal,300
3010,90,27,H13,Normal,200
3011,85,190,D2,VIP,300
3012,62,83,G13,Normal,350
3013,49,128,J1,Honeymoon,350
3014,95,178,G4,Normal,240
3015,25,170,K10,Normal,160
3016,23,157,C12,Normal,240
3017,24,167,H6,Normal,160
3018,38,188,B14,Normal,240
3019,28,169,J4,Normal,240
3020,21,33,B2,Normal,350
3021,54,97,A14,Normal,160
3022,18,111,D5,Normal,200
3023,36,16,D12,VIP,200
3024,99,23,G14,Normal,240
3025,45,135,C9,Honeymoon,240
3026,73,26,G6,Honeymoon,350
3027,53,96,C6,Normal,160
3028,30,12,H9,Honeymoon,240
3029,60,72,C7,VIP,200
3030,98,133,A14,Normal,160
3031,32,106,J3,Normal,240
3032,67,117,F8,Normal,160
3033,67,197,E13,Normal,350
3034,28,177,G12,Normal,200
3035,44,26,F6,VIP,160
3036,79,133,F8,Honeymoon,200
3037,41,22,C14,Normal,240
3038,63,13,E8,Normal,300
3039,23,156,D3,VIP,160
3040,75,161,D12,Normal,200
3041,48,107,E15,Normal,160
3042,32,23,B7,Normal,240
3043,57,97,J12,Normal,240
3044,100,18,D1,Normal,200
3045,33,117,A11,Normal,350
3046,24,30,C1,Normal,160
3047,39,26,K4,Normal,160
3048,34,144,H15,Normal,240
3049,56,39,D11,Normal,160
3050,28,161,C8,Honeymoon,200
3051,37,154,B6,Normal,300
3052,7,176,H5,Normal,240
3053,68,193,G4,Normal,300
3054,37,166,K3,Normal,160
3055,56,130,K1,VIP,350
3056,65,113,A8,Normal,200
3057,65,134,E12,Normal,160
3058,47,46,H14,Honeymoon,200
3059,20,50,C4,Normal,160
3060,19,166,K9,Normal,160
3061,29,106,G15,Normal,160
3062,74,146,K6,Honeymoon,240
3063,60,155,F12,Normal,300
3064,18,169,K15,Honeymoon,350
3065,92,72,E4,Normal,300
3066,35,74,A2,Normal,300
3067,43,17,H4,VIP,200
3068,95,190,B11,Normal,240
3069,91,157,F8,Honeymoon,240
3070,11,186,H2,Honeymoon,160
3071,49,70,E9,VIP,300
3072,38,150,G7,Normal,350
3073,64,6,B15,Normal,200
3074,69,26,A8,Honeymoon,240
3075,8,167,C8,Normal,160
3076,34,140,F6,Normal,350
3077,48,99,H3,Normal,300
3078,56,142,E5,Normal,350
3079,76,22,E7,Normal,240
3080,65,51,F15,Normal,200
3081,31,151,G5,Normal,300
3082,4,176,E12,Normal,200
3083,50,199,C13,Normal,350
3084,69,104,D1,Honeymoon,350
3085,30,178,J5,Honeymoon,160
3086,88,89,C9,Normal,300
3087,59,141,D6,Normal,350
3088,67,138,A4,Normal,240
3089,75,183,J1,Normal,240
3090,45,9,F5,Honeymoon,200
3091,4,79,F2,Honeymoon,240
3092,26,52,J13,Honeymoon,350
3093,27,130,D10,Normal,240
3094,46,153,B5,Normal,300
3095,64,13,C4,Normal,200
3096,91,51,J2,Normal,300
3097,51,186,H4,Normal,350
3098,50,34,J6,Normal,350
3099,6,35,D9,Normal,240
3100,59,131,K10,Normal,160
3101,15,120,J13,Normal,160
3102,30,187,F14,Normal,350
3103,42,70,K11,VIP,350
3104,37,176,D8,Normal,200
3105,42,192,D5,Normal,350
3106,35,147,E12,Normal,350
3107,87,67,K6,VIP,200
3108,6,103,B1,Normal,300
3109,68,73,A13,Honeymoon,300
3110,18,116,B5,Normal,200
3111,73,133,E6,Honeymoon,200
3112,29,67,D2,Normal,300
3113,77,139,K12,Normal,300
3114,59,121,J2,Normal,300
3115,47,94,D9,Normal,300
3116,17,196,A6,Honeymoon,240
3117,96,197,A14,Normal,200
3118,22,129,J12,Normal,160
3119,68,91,F11,VIP,240
3120,69,92,B12,Normal,160
3121,37,63,A7,VIP,160
3122,49,29,J11,Normal,350
3123,13,12,A2,VIP,200
3124,34,77,F5,Normal,240
3125,86,41,D15,Normal,200
3126,53,130,B9,Normal,300
3127,87,37,A15,Normal,200
3128,51,173,G5,Normal,160
3129,3,176,K7,Normal,300
3130,42,24,J14,VIP,200
3131,98,99,F6,VIP,200
3132,32,150,B3,VIP,160
3133,51,100,B5,VIP,300
3134,85,139,H10,Honeymoon,160
3135,46,58,C10,VIP,200
3136,21,174,C9,Honeymoon,240
3137,44,29,C2,Normal,240
3138,11,163,J4,Honeymoon,350
3139,68,143,H3,VIP,240
3140,1,60,B12,Honeymoon,300
3141,92,95,H5,Normal,350
3142,63,42,G7,Normal,300
3143,24,43,E14,Honeymoon,240
3144,99,74,B2,VIP,240
3145,13,177,D4,Normal,200
3146,98,192,F6,Normal,300
3147,11,160,H11,Normal,160
3148,100,64,B8,Normal,200
3149,51,2,G8,Normal,300
3150,17,152,E12,Normal,350
3151,99,66,K6,VIP,300
3152,82,166,D12,Normal,350
3153,86,31,K13,Normal,350
3154,24,115,F11,VIP,240
3155,19,26,B8,Normal,160
3156,37,29,G15,Normal,300
3157,85,195,E7,Normal,160
3158,8,78,C4,Normal,350
3159,28,25,C3,Honeymoon,240
3160,5,48,D1,VIP,160
3161,17,65,F6,Normal,200
3162,36,181,K12,Normal,350
3163,19,67,F12,Normal,200
3164,64,90,A15,Honeymoon,160
3165,91,146,J3,Honeymoon,160
3166,98,137,J1,Normal,160
3167,11,38,F3,Normal,300
3168,54,87,E6,VIP,350
3169,45,149,C9,VIP,350
3170,47,65,B3,Normal,350
3171,12,149,B6,Honeymoon,300
3172,21,27,B12,Normal,160
3173,11,106,A2,Normal,160
3174,92,123,G7,Normal,200
3175,5,198,C9,Normal,300
3176,81,44,D11,Normal,240
3177,56,100,H2,Normal,300
3178,20,28,J7,Normal,200
3179,41,173,A13,Normal,200
3180,46,17,J6,Normal,200
3181,12,127,D11,Normal,160
3182,70,123,B13,Honeymoon,240
3183,17,168,E4,Normal,200
3184,19,131,E11,Normal,350
3185,26,76,H14,VIP,160
3186,48,194,G10,Normal,240
3187,52,46,C11,Normal,350
3188,96,158,A4,Normal,240
3189,70,69,F13,Honeymoon,240
3190,55,137,F9,Honeymoon,350
3191,100,85,D1,Normal,300
3192,75,11,F13,Normal,240
3193,33,69,A7,Normal,300
3194,62,99,F2,VIP,240
3195,88,91,K1,Normal,350
3196,23,194,K6,Honeymoon,240
3197,15,159,G3,Normal,200
3198,27,161,B5,Normal,200
3199,75,167,F3,VIP,240
3200,64,94,B12,Honeymoon,350
3201,81,174,H15,Normal,350
3202,51,165,B10,Normal,160
3203,53,115,D7,Normal,350
3204,78,188,B6,Normal,300
3205,91,31,B3,Normal,240
3206,82,11,C9,Normal,200
3207,92,87,A15,Normal,350
3208,51,121,D8,Normal,200
3209,47,130,C8,Normal,160
3210,4,105,D7,Normal,240
3211,7,27,E12,Normal,350
3212,35,2,B13,Honeymoon,200
3213,48,103,K9,Normal,350
3214,73,101,H13,Normal,160
3215,72,21,K9,Normal,200
3216,45,58,C5,Normal,200
3217,81,133,K10,Normal,240
3218,81,180,G9,Normal,240
3219,97,173,D7,Normal,200
3220,96,85,K5,Honeymoon,240
3221,72,93,F8,VIP,200
3222,19,20,D3,Normal,300
3223,63,61,B7,Normal,350
3224,38,38,J3,Normal,300
3225,67,148,J7,Normal,300
3226,59,25,D7,Normal,350
3227,69,130,F4,Normal,200
3228,13,121,J9,Normal,200
3229,47,160,E6,VIP,240
3230,61,26,E4,Normal,160
3231,31,198,A8,Normal,200
3232,80,169,B10,Honeymoon,350
3233,96,67,G4,Normal,160
3234,22,1,A15,Normal,350
3235,93,51,J2,Normal,350
3236,86,5,E15,Normal,350
3237,43,13,G14,Normal,160
3238,67,147,C8,Normal,300
3239,54,140,H10,Normal,350
3240,10,48,C9,Normal,240
3241,42,153,H3,VIP,200
3242,64,57,B2,Normal,200
3243,21,115,J15,Normal,200
3244,80,35,H13,VIP,160
3245,76,76,C9,Normal,240
3246,66,94,C5,Normal,240
3247,41,5,D6,Normal,240
3248,24,22,D2,Normal,240
3249,35,103,C6,Normal,240
3250,56,185,E4,Normal,300
3251,30,175,G5,VIP,240
3252,57,182,G15,Normal,240
3253,94,131,A13,Normal,160
3254,47,124,K11,Normal,160
3255,35,53,K14,Normal,240
3256,19,159,H7,Normal,300
3257,8,69,E5,Normal,240
3258,26,104,A8,Normal,240
3259,71,161,D3,Normal,240
3260,30,200,F10,VIP,350
3261,7,178,C13,Honeymoon,300
3262,67,16,F10,Normal,200
3263,65,116,B4,Honeymoon,240
3264,36,76,B8,Normal,200
3265,25,109,H10,Honeymoon,300
3266,37,39,D5,Normal,240
3267,1,89,C13,Normal,200
3268,15,174,G9,Honeymoon,200
3269,37,112,G14,Normal,300
3270,13,47,H11,Honeymoon,240
3271,8,172,D6,Normal,350
3272,5,137,H1,Normal,300
3273,60,128,H7,Normal,350
3274,73,178,E12,VIP,240
3275,1,77,K4,Normal,200
3276,36,188,F5,Normal,300
3277,35,15,D4,Honeymoon,300
3278,66,36,D2,VIP,300
3279,63,63,E12,Honeymoon,160
3280,23,69,A7,Normal,240
3281,9,169,E6,VIP,160
3282,34,74,F2,Honeymoon,300
3283,46,24,E2,Honeymoon,300
3284,78,49,C8,Normal,350
3285,4,146,J5,Normal,160
3286,30,7,F9,Normal,200
3287,95,4,B14,Normal,240
3288,75,90,H9,Normal,200
3289,99,197,F4,Normal,200
3290,72,60,B8,Normal,240
3291,3,55,H1,Normal,300
3292,14,16,J11,Normal,350
3293,60,29,G11,Normal,300
3294,77,151,A8,Honeymoon,300
3295,45,14,F11,Normal,160
3296,96,79,H12,Normal,200
3297,34,177,B14,Normal,200
3298,45,33,A2,Normal,200
3299,61,153,H8,Honeymoon,350
3300,83,21,E5,Normal,350
3301,16,145,H3,Normal,350
3302,66,23,B5,Normal,240
3303,40,57,C7,Honeymoon,350
3304,17,186,E12,Normal,160
3305,34,142,B12,Normal,160
3306,16,93,J3,Normal,300
3307,60,20,J14,Normal,300
3308,66,158,C15,Normal,300
3309,66,19,F8,Normal,300
3310,90,181,K11,Normal,160
3311,13,103,H15,Normal,300
3312,56,184,E5,Normal,160
3313,31,77,B10,Normal,350
3314,34,151,B12,Normal,350
3315,39,190,J15,Normal,240
3316,67,33,H1,Normal,300
3317,8,18,C14,Honeymoon,350
3318,87,73,H2,Normal,350
3319,78,161,C6,Normal,200
3320,55,160,K12,Normal,200
3321,27,189,A6,Normal,160
3322,93,182,A9,Normal,240
3323,53,17,A13,Normal,200
3324,39,19,C11,Normal,240
3325,65,70,J8,VIP,350
3326,17,120,E6,Normal,160
3327,30,101,F10,Normal,240
3328,53,34,B9,Honeymoon,200
3329,13,84,C14,Normal,350
3330,21,153,H1,Honeymoon,300
3331,19,196,G8,Normal,350
3332,53,74,D15,Normal,200
3333,19,88,A9,Normal,200
3334,57,85,J10,VIP,300
3335,25,11,D11,Honeymoon,350
3336,86,91,B7,Normal,240
3337,31,144,F6,Normal,240
3338,81,189,G10,Normal,350
3339,55,127,A13,Normal,240
3340,23,113,E11,Honeymoon,350
3341,32,80,B1,Normal,350
3342,62,7,C15,Normal,200
3343,74,16,E5,VIP,160
3344,10,16,K4,VIP,200
3345,100,168,E10,Normal,240
3346,72,12,K13,Normal,160
3347,54,35,G9,VIP,350
3348,52,21,G11,Normal,240
3349,20,178,G15,Normal,300
3350,32,171,K5,Normal,240
3351,14,17,G4,Honeymoon,160
3352,50,32,C12,Normal,160
3353,28,41,F8,Normal,350
3354,53,134,J13,Normal,300
3355,24,27,G15,VIP,350
3356,79,148,B13,Honeymoon,300
3357,22,153,B11,Honeymoon,300
3358,30,66,H11,Normal,350
3359,63,137,D4,VIP,240
3360,4,92,K14,Honeymoon,200
3361,77,181,A1,Honeymoon,300
3362,59,61,G2,VIP,160
3363,87,166,D13,Normal,350
3364,8,3,F4,Normal,240
3365,82,198,F6,VIP,300
3366,12,103,B11,Honeymoon,240
3367,31,55,F2,Normal,350
3368,78,1,E12,Normal,160
3369,34,101,E9,Normal,300
3370,82,198,A6,Normal,300
3371,98,45,B8,Normal,240
3372,75,175,D9,Honeymoon,350
3373,76,26,F12,Normal,200
3374,49,121,A11,Normal,300
3375,79,142,J14,Normal,160
3376,57,182,A11,Normal,300
3377,95,199,F2,Normal,300
3378,93,46,A12,Normal,200
3379,26,122,D8,Normal,200
3380,18,31,G9,Normal,350
3381,96,59,C6,Normal,300
3382,86,29,K10,Normal,300
3383,38,106,B13,Normal,240
3384,81,17,K15,Normal,240
3385,87,142,G12,VIP,160
3386,88,164,A7,Normal,160
3387,50,186,A15,Honeymoon,240
3388,8,24,K4,Normal,160
3389,41,109,B9,Honeymoon,300
3390,6,191,B15,Normal,200
3391,69,91,E6,Normal,300
3392,44,25,E1,Normal,240
3393,64,187,F3,Normal,350
3394,29,32,C11,Normal,350
3395,28,116,F7,Normal,240
3396,11,82,D6,Honeymoon,300
3397,65,110,G5,Normal,160
3398,19,146,A13,Normal,160
3399,9,37,F15,Normal,350
3400,27,26,K5,Honeymoon,240
3401,34,137,F7,Normal,240
3402,44,64,A9,Normal,200
3403,68,72,D3,Normal,350
3404,100,148,D4,Normal,240
3405,82,182,D8,Honeymoon,200
3406,15,106,C10,Honeymoon,160
3407,51,86,H2,Normal,350
3408,13,158,B9,Normal,350
3409,83,53,H3,Normal,240
3410,49,92,C3,Normal,240
3411,70,99,B8,Normal,300
3412,56,191,F2,Normal,160
3413,76,11,D9,Normal,160
3414,51,31,D8,Honeymoon,200
3415,37,177,D4,Normal,200
3416,17,100,F3,VIP,300
3417,58,87,F5,Honeymoon,160
3418,87,147,G12,Honeymoon,200
3419,90,140,J2,Normal,160
3420,29,15,G13,VIP,160
3421,33,159,F15,Honeymoon,200
3422,60,171,F15,Normal,240
3423,91,101,J1,Normal,240
3424,89,165,K14,Normal,200
3425,55,29,K11,VIP,300
3426,10,114,D15,Honeymoon,350
3427,47,107,J2,VIP,160
3428,23,154,K6,Honeymoon,350
3429,85,108,B15,Normal,200
3430,21,130,J10,Normal,160
3431,13,84,F8,Normal,350
3432,33,15,H6,Normal,240
3433,24,132,H3,Normal,300
3434,11,50,H6,VIP,350
3435,17,166,B10,VIP,300
3436,68,23,D5,Normal,240
3437,47,59,A14,Normal,350
3438,25,90,J14,Normal,200
3439,94,115,F1,Normal,160
3440,73,75,F9,Normal,240
3441,21,156,F12,Normal,300
3442,84,194,B15,VIP,300
3443,83,123,D13,Honeymoon,240
3444,83,136,G4,Honeymoon,200
3445,12,157,C11,Normal,200
3446,37,139,G4,Normal,300
3447,42,18,D12,Normal,240
3448,17,183,E4,Honeymoon,240
3449,48,50,G8,VIP,160
3450,28,142,B1,Normal,300
3451,41,118,F13,Honeymoon,200
3452,99,137,F3,Normal,350
3453,47,139,F15,Normal,200
3454,18,191,E12,Honeymoon,200
3455,78,108,A14,Honeymoon,350
3456,99,67,C1,Normal,300
3457,71,181,E6,Normal,160
3458,13,167,H7,Normal,200
3459,82,78,E8,Normal,200
3460,13,184,D10,VIP,300
3461,100,156,J3,Normal,300
3462,31,75,B10,Normal,240
3463,2,39,J11,Normal,300
3464,16,25,E9,VIP,300
3465,9,21,G12,Honeymoon,200
3466,73,138,H13,Honeymoon,160
3467,38,171,B11,Normal,200
3468,75,15,C10,Honeymoon,300
3469,54,48,C8,Normal,240
3470,56,86,A7,Normal,160
3471,86,149,H15,VIP,240
3472,97,188,K12,Normal,350
3473,100,116,C5,Normal,240
3474,87,50,F3,Normal,240
3475,45,151,C8,Normal,300
3476,34,141,K3,Normal,300
3477,9,69,B13,VIP,300
3478,88,4,G10,Normal,300
3479,8,78,C8,Normal,300
3480,7,200,K9,Honeymoon,240
3481,36,9,J4,VIP,350
3482,18,121,K14,Normal,300
3483,3,115,G2,Normal,350
3484,28,163,G7,Normal,350
3485,70,101,A6,Normal,200
3486,44,149,J7,Normal,200
3487,21,186,A15,Normal,160
3488,28,146,H3,Normal,200
3489,54,97,J11,Normal,300
3490,54,200,C13,Normal,350
3491,65,81,D2,Normal,160
3492,100,43,G9,Normal,200
3493,21,95,A14,Normal,240
3494,99,6,J12,Normal,160
3495,13,67,H10,Normal,300
3496,57,140,K5,Normal,350
3497,49,100,A2,Honeymoon,300
3498,54,12,K10,Normal,300
3499,10,66,C5,Normal,240
3500,53,2,A10,Normal,240
3501,44,143,H7,Normal,350
3502,47,151,B6,Honeymoon,200
3503,53,157,A15,Normal,300
3504,74,81,H7,Normal,200
3505,46,135,J6,Normal,350
3506,13,156,F10,VIP,300
3507,37,142,F10,Honeymoon,200
3508,24,172,A5,Normal,300
3509,2,158,H12,Normal,240
3510,86,160,K11,VIP,240
3511,81,70,K14,VIP,160
3512,100,115,E12,Normal,350
3513,14,88,E14,Normal,200
3514,10,6,D6,Normal,300
3515,35,27,B9,Normal,160
3516,25,82,C8,Normal,350
3517,3,88,C14,Normal,350
3518,17,120,E15,VIP,350
3519,12,24,G5,Normal,200
3520,54,102,B8,Honeymoon,240
3521,24,34,J4,Normal,160
3522,29,168,F11,Honeymoon,200
3523,43,47,C13,Normal,300
3524,25,24,C10,Normal,200
3525,100,65,D2,Normal,300
3526,60,18,B5,Normal,300
3527,90,44,H4,Honeymoon,350
3528,65,76,E8,Normal,200
3529,84,57,B9,Normal,240
3530,28,107,C6,Normal,300
3531,16,156,C15,Honeymoon,350
3532,47,124,J10,Normal,240
3533,81,199,B13,Normal,200
3534,92,151,B8,Normal,240
3535,58,162,G1,Normal,200
3536,76,139,J14,Honeymoon,300
3537,27,163,G13,Normal,160
3538,53,116,C8,Normal,160
3539,42,93,G4,Normal,300
3540,59,42,D8,Normal,240
3541,47,28,C8,Normal,200
3542,94,123,C13,Normal,160
3543,34,24,G13,Normal,200
3544,37,136,H9,Normal,300
3545,6,106,A4,Normal,240
3546,7,118,A5,Normal,200
3547,96,53,E8,Normal,240
3548,96,200,J3,Honeymoon,160
3549,25,132,F5,Honeymoon,200
3550,33,100,A11,Normal,350
3551,55,5,K7,Normal,160
3552,58,49,H15,Normal,240
3553,7,98,B11,VIP,300
3554,57,30,C6,Honeymoon,350
3555,12,72,K9,Normal,200
3556,16,103,J2,Normal,160
3557,80,63,D14,Normal,200
3558,43,175,G6,Normal,200
3559,100,26,A6,Honeymoon,350
3560,77,185,G8,Normal,350
3561,7,37,D11,Honeymoon,350
3562,100,7,K1,Normal,350
3563,51,127,G4,Normal,300
3564,73,168,B12,Normal,240
3565,32,92,H15,Normal,350
3566,75,167,B10,VIP,160
3567,8,190,F11,Normal,200
3568,97,103,K11,Normal,350
3569,87,53,A12,Normal,160
3570,89,132,F12,Normal,300
3571,72,108,H4,Normal,160
3572,45,112,F14,VIP,160
3573,86,153,A10,Normal,300
3574,59,7,E14,Normal,300
3575,4,156,F2,Honeymoon,200
3576,67,197,D9,Normal,350
3577,29,67,G12,Normal,160
3578,29,108,K2,Normal,240
3579,98,111,K7,Normal,240
3580,98,148,G11,VIP,200
3581,28,83,E13,Normal,240
3582,77,124,E12,Normal,200
3583,79,139,D9,Normal,350
3584,87,104,A3,Normal,200
3585,44,67,H6,Normal,300
3586,90,7,G6,Normal,300
3587,4,151,E11,Honeymoon,300
3588,90,189,B4,Normal,300
3589,9,199,C4,Normal,300
3590,5,110,D5,Normal,300
3591,56,34,D1,Normal,300
3592,96,106,F8,Normal,300
3593,84,147,D6,Normal,300
3594,50,58,D9,Normal,350
3595,75,9,F15,Normal,300
3596,15,48,F6,Normal,200
3597,32,115,H13,Normal,350
3598,28,41,B4,Normal,240
3599,22,48,B12,VIP,160
3600,17,173,K12,Normal,350
3601,59,25,A7,VIP,300
3602,90,116,E9,Normal,350
3603,71,78,G4,VIP,160
3604,57,108,H8,Normal,160
3605,26,25,H2,Normal,300
3606,25,147,H15,VIP,300
3607,10,39,K1,Normal,200
3608,45,119,C12,Normal,160
3609,83,79,A13,Honeymoon,300
3610,11,80,B3,Normal,160
3611,77,27,C12,Normal,200
3612,53,104,D6,Normal,240
3613,72,74,H8,Normal,160
3614,68,191,K9,Normal,200
3615,95,68,G11,VIP,200
3616,28,147,A3,Normal,200
3617,75,28,F4,Honeymoon,350
3618,65,123,G8,Normal,300
3619,49,161,K15,Honeymoon,160
3620,47,138,B8,Normal,350
3621,52,83,D14,Honeymoon,160
3622,88,30,H8,Normal,350
3623,54,22,E8,Honeymoon,300
3624,60,3,D9,Normal,200
3625,57,101,D12,Normal,160
3626,47,105,H6,Normal,200
3627,31,176,D15,Normal,300
3628,46,2,E13,Normal,160
3629,26,54,D10,Normal,240
3630,5,6,H12,Normal,240
3631,84,107,E3,Normal,240
3632,52,168,D10,Normal,300
3633,75,123,B10,Normal,240
3634,54,2,B11,Honeymoon,160
3635,33,111,E3,VIP,240
3636,50,2,E13,Normal,160
3637,38,93,F4,Normal,300
3638,27,183,E5,Normal,200
3639,98,200,E9,Honeymoon,350
3640,15,101,A9,Normal,240
3641,96,188,B11,Normal,350
3642,61,97,B13,Normal,200
3643,21,111,C10,Honeymoon,300
3644,46,6,K8,Normal,300
3645,69,127,J14,Normal,200
3646,6,104,B12,Normal,350
3647,38,147,C8,Normal,240
3648,62,155,F10,Normal,160
3649,86,1,E4,Normal,300
3650,62,33,B15,VIP,200
3651,82,40,G9,Normal,350
3652,78,32,J11,VIP,240
3653,74,197,A12,Normal,350
3654,46,17,G1,Normal,240
3655,13,126,B15,Honeymoon,160
3656,95,8,C8,Normal,160
3657,94,57,F10,Normal,200
3658,3,42,D15,Honeymoon,200
3659,94,98,C8,Normal,240
3660,6,137,G14,Normal,240
3661,93,120,K8,Honeymoon,240
3662,8,87,K11,Normal,240
3663,44,163,B14,Normal,160
3664,33,199,H7,Honeymoon,200
3665,81,181,B6,Normal,200
3666,75,54,K10,Normal,300
3667,77,84,K11,Honeymoon,200
3668,50,25,H14,Normal,200
3669,11,67,D15,Honeymoon,350
3670,95,190,K5,VIP,350
3671,28,183,H8,Normal,300
3672,70,174,J9,Normal,240
3673,41,152,D13,Normal,300
3674,16,46,A3,Normal,300
3675,68,22,K14,VIP,160
3676,99,139,B8,Normal,200
3677,48,176,K2,Normal,160
3678,56,8,F8,Normal,200
3679,64,39,D10,Honeymoon,300
3680,59,163,H5,Normal,200
3681,90,49,H11,Honeymoon,240
3682,62,46,K12,Normal,240
3683,76,38,E2,Honeymoon,300
3684,11,136,F12,Normal,350
3685,89,54,G10,Normal,240
3686,18,165,B12,Honeymoon,300
3687,19,92,C4,Normal,160
3688,87,40,C3,Normal,350
3689,55,34,G2,VIP,240
3690,82,96,G6,Normal,300
3691,26,79,K13,Normal,300
3692,6,127,G5,Normal,160
3693,4,17,C8,Honeymoon,160
3694,29,161,C11,Normal,350
3695,59,175,K2,Normal,240
3696,98,110,K2,Normal,300
3697,17,52,F4,Normal,350
3698,43,118,J8,Honeymoon,350
3699,80,9,B7,Normal,160
3700,66,33,B1,Normal,300
3701,34,188,C2,Normal,200
3702,8,113,K7,Normal,160
3703,13,149,C8,VIP,300
3704,8,186,G8,Normal,350
3705,94,85,K1,Normal,350
3706,96,197,B6,Normal,240
3707,100,10,D11,Honeymoon,200
3708,94,6,D1,Normal,160
3709,65,115,C13,Normal,240
3710,43,121,H15,Honeymoon,240
3711,39,141,D1,Honeymoon,200
3712,81,65,D3,Honeymoon,160
3713,59,20,F9,Normal,160
3714,84,57,C1,VIP,350
3715,88,46,E11,Normal,160
3716,86,136,A8,Normal,240
3717,93,10,J10,Normal,350
3718,86,113,K10,Normal,160
3719,44,195,D7,Honeymoon,200
3720,9,139,C15,Normal,240
3721,37,12,C7,Honeymoon,300
3722,74,138,C14,Honeymoon,200
3723,36,153,H12,Normal,200
3724,92,177,C8,Honeymoon,160
3725,28,177,G9,Normal,350
3726,42,11,J4,Normal,350
3727,43,190,A6,Honeymoon,240
3728,85,118,E8,Normal,160
3729,88,164,G11,Normal,350
3730,42,39,J14,Normal,300
3731,66,53,A13,Honeymoon,160
3732,55,56,B15,Normal,160
3733,72,104,G10,Normal,350
3734,48,129,A2,Normal,200
3735,91,56,D13,Honeymoon,160
3736,22,118,C6,Normal,200
3737,27,132,E12,Normal,240
3738,93,30,K2,Normal,240
3739,67,12,J6,Normal,350
3740,13,35,F2,Normal,240
3741,45,77,D5,Normal,350
3742,10,180,C2,Normal,350
3743,100,159,G8,Normal,200
3744,9,102,C13,Normal,200
3745,54,87,J5,Normal,240
3746,27,196,G5,Normal,200
3747,34,52,F3,Normal,160
3748,1,80,D9,Normal,300
3749,32,135,D2,Normal,160
3750,89,22,A14,Normal,160
3751,93,75,D10,Normal,350
3752,71,184,E3,Normal,300
3753,67,58,B4,Normal,350
3754,84,93,G1,VIP,200
3755,20,192,K2,Normal,200
3756,94,103,G11,VIP,300
3757,35,140,C7,Normal,240
3758,99,7,H2,Normal,200
3759,91,128,G2,Honeymoon,160
3760,90,55,D7,Normal,300
3761,78,106,B13,Normal,300
3762,17,62,C6,VIP,200
3763,18,90,H11,Normal,200
3764,45,98,E4,Normal,350
3765,93,77,B3,Normal,350
3766,84,183,F14,VIP,160
3767,53,119,F3,Honeymoon,300
3768,91,36,F15,Normal,240
3769,82,89,A8,Normal,240
3770,68,152,A15,Honeymoon,300
3771,65,172,A7,Normal,160
3772,1,145,B2,Normal,350
3773,58,130,F11,Normal,350
3774,26,141,H13,Normal,350
3775,20,159,E4,Normal,240
3776,87,93,A12,Honeymoon,240
3777,10,114,D11,Honeymoon,160
3778,59,28,G11,Normal,240
3779,75,188,B1,Normal,200
3780,41,155,A2,Normal,240
3781,5,143,J8,Normal,350
3782,65,33,G2,Normal,160
3783,17,20,G15,Normal,300
3784,22,170,C1,Normal,300
3785,98,140,D2,Normal,160
3786,41,101,C13,Normal,200
3787,93,23,E5,Normal,300
3788,68,200,D5,Normal,350
3789,69,112,A1,Normal,300
3790,11,14,K9,Honeymoon,300
3791,56,91,J2,Honeymoon,350
3792,51,153,B13,Normal,240
3793,21,77,F11,Normal,200
3794,99,85,F7,Normal,350
3795,76,109,B7,Normal,350
3796,26,31,C11,Normal,160
3797,19,122,F1,VIP,200
3798,60,107,K12,Normal,240
3799,71,54,F14,Normal,350
3800,47,133,D14,Normal,240
3801,71,141,E9,Normal,350
3802,26,156,J3,Normal,350
3803,40,43,E14,Normal,160
3804,5,89,A7,Normal,300
3805,21,115,G11,Normal,200
3806,78,99,H6,VIP,160
3807,4,47,D7,Normal,240
3808,23,71,B9,Normal,350
3809,84,166,B11,Normal,350
3810,15,67,J5,Normal,200
3811,93,62,F15,Normal,160
3812,8,109,J2,Normal,160
3813,41,167,A10,Normal,240
3814,19,37,B2,Normal,160
3815,46,119,A2,Normal,160
3816,28,86,H7,Normal,300
3817,91,126,B12,Normal,200
3818,68,136,E11,Normal,160
3819,15,52,H13,Normal,240
3820,99,91,A9,Normal,350
3821,37,33,F11,Normal,160
3822,1,81,B8,Normal,160
3823,67,42,E13,VIP,350
3824,24,112,B12,Normal,300
3825,27,126,G3,VIP,200
3826,40,155,F6,Normal,300
3827,63,136,F9,Normal,240
3828,61,151,C13,Normal,160
3829,36,106,A7,Normal,300
3830,98,125,G2,Normal,200
3831,93,113,F8,Normal,240
3832,24,64,F9,VIP,300
3833,24,123,C14,Normal,160
3834,4,114,C10,Normal,200
3835,67,20,J15,Honeymoon,160
3836,34,16,B10,Honeymoon,160
3837,57,145,D14,Normal,240
3838,49,19,K6,Normal,200
3839,87,120,G13,Normal,350
3840,53,136,F11,Normal,160
3841,23,166,H7,Normal,200
3842,69,38,F11,Normal,160
3843,95,181,G8,Normal,300
3844,53,93,E2,VIP,300
3845,62,105,A8,VIP,200
3846,41,100,H8,Normal,240
3847,57,90,K11,Normal,350
3848,60,159,D15,Normal,300
3849,54,44,D15,Normal,240
3850,70,188,H1,Normal,350
3851,57,76,A2,VIP,300
3852,10,145,G1,Normal,350
3853,40,79,A14,Normal,160
3854,7,73,D3,Normal,200
3855,38,167,G13,VIP,300
3856,85,170,D11,VIP,300
3857,61,176,A12,Honeymoon,160
3858,84,140,D10,Normal,300
3859,3,96,H5,Normal,300
3860,51,89,A4,Normal,300
3861,86,103,C6,Normal,300
3862,47,146,J11,Honeymoon,300
3863,68,6,A1,Normal,240
3864,92,122,B2,Normal,300
3865,76,171,E2,Normal,160
3866,38,116,D3,Normal,300
3867,36,163,E2,Normal,350
3868,41,182,E9,Normal,350
3869,69,62,K12,Normal,160
3870,13,197,G13,Normal,240
3871,87,144,H5,VIP,160
3872,58,136,G1,Normal,240
3873,50,89,H9,Normal,200
3874,30,96,F14,Normal,350
3875,62,126,D11,Normal,350
3876,25,90,F3,Honeymoon,350
3877,27,86,A14,Normal,240
3878,51,159,B10,Normal,160
3879,78,138,J12,VIP,240
3880,57,184,C2,Honeymoon,350
3881,47,121,F7,Normal,350
3882,100,76,F3,Normal,350
3883,39,92,H1,Normal,350
3884,16,70,B5,Honeymoon,200
3885,22,148,E14,Normal,350
3886,85,133,A10,Normal,240
3887,54,23,J3,Normal,350
3888,21,137,C4,Normal,300
3889,72,58,C10,Honeymoon,200
3890,16,187,J7,VIP,350
3891,59,182,C3,Normal,300
3892,31,46,E11,Normal,240
3893,42,22,K2,Normal,200
3894,74,192,K9,Honeymoon,350
3895,32,8,J13,Honeymoon,240
3896,59,123,G8,VIP,300
3897,34,20,J4,VIP,200
3898,9,179,C13,Normal,350
3899,81,78,H9,Honeymoon,240
3900,11,39,F14,Normal,200
3901,96,37,A13,Normal,300
3902,10,178,J8,Normal,350
3903,86,162,K4,Normal,200
3904,17,75,D7,Honeymoon,300
3905,68,118,B2,Normal,300
3906,48,104,A13,Honeymoon,240
3907,52,161,F9,Normal,300
3908,25,31,G7,Normal,300
3909,21,123,H1,Normal,160
3910,65,54,G6,Normal,300
3911,63,172,A8,Normal,350
3912,89,34,D11,Normal,200
3913,51,199,G14,Honeymoon,350
3914,36,122,F8,Normal,350
3915,81,113,C14,Normal,240
3916,88,62,G13,Honeymoon,160
3917,66,23,H7,Normal,160
3918,15,46,K14,Normal,350
3919,96,56,C12,Normal,200
3920,39,135,K10,Normal,160
3921,70,118,B15,Normal,160
3922,1,189,B11,Normal,350
3923,23,131,J5,Normal,160
3924,39,166,B4,Normal,240
3925,57,162,D8,Normal,350
3926,81,113,F10,Normal,160
3927,34,44,B2,VIP,160
3928,41,128,G14,Normal,160
3929,93,108,G15,Normal,350
3930,73,158,G14,Honeymoon,200
3931,13,17,K12,Honeymoon,300
3932,70,59,J4,Honeymoon,160
3933,6,138,F6,VIP,300
3934,84,99,C7,Normal,300
3935,52,84,J1,Normal,160
3936,3,146,E10,Normal,160
3937,81,45,J10,Normal,300
3938,63,108,D14,Normal,200
3939,49,187,H13,Normal,300
3940,76,62,J13,Honeymoon,200
3941,47,59,C7,Normal,240
3942,55,177,C1,Normal,200
3943,64,191,G9,Normal,350
3944,65,160,G4,Normal,160
3945,81,138,A6,Honeymoon,240
3946,67,11,A15,VIP,300
3947,90,102,K8,Honeymoon,200
3948,15,70,B1,Normal,240
3949,100,123,B5,VIP,350
3950,32,190,F2,Normal,200
3951,96,175,C14,Honeymoon,300
3952,68,34,D1,Normal,300
3953,18,101,G5,Normal,200
3954,83,145,E4,VIP,350
3955,43,104,J11,Normal,160
3956,35,182,A9,Honeymoon,160
3957,78,40,C12,Normal,300
3958,58,19,E13,Honeymoon,350
3959,33,67,F9,VIP,300
3960,14,82,D14,Normal,160
3961,34,181,B6,Normal,300
3962,61,64,K15,Normal,200
3963,4,83,E3,VIP,200
3964,88,47,E13,Normal,350
3965,59,6,E1,Normal,160
3966,29,16,E4,Normal,350
3967,83,200,E9,Normal,350
3968,6,146,J9,Normal,160
3969,97,180,H1,Normal,240
3970,49,176,E5,Honeymoon,240
3971,40,171,J2,Normal,300
3972,83,39,E2,Normal,240
3973,65,177,G13,Normal,200
3974,69,113,D15,Normal,350
3975,27,140,D1,VIP,300
3976,80,138,A5,Normal,350
3977,6,71,H8,Normal,160
3978,13,110,K15,Normal,240
3979,64,55,E10,Honeymoon,160
3980,62,129,A11,VIP,300
3981,99,49,K3,Normal,200
3982,19,164,G8,Normal,240
3983,76,21,C1,Normal,160
3984,80,37,A12,Honeymoon,240
3985,43,116,H3,Normal,350
3986,74,24,F5,VIP,200
3987,89,55,E7,Honeymoon,240
3988,20,25,D7,Honeymoon,200
3989,95,135,J13,Normal,350
3990,68,127,K4,Normal,350
3991,44,93,B10,Honeymoon,160
3992,23,94,C5,Normal,300
3993,2,71,B7,Normal,160
3994,22,199,G6,Normal,200
3995,57,122,H12,Normal,160
3996,72,24,B5,Normal,240
3997,7,11,H1,Normal,160
3998,78,73,A4,Normal,300
3999,56,12,B3,Normal,300
4000,67,35,D6,Normal,200
4001,16,191,B5,Normal,350
4002,83,196,J2,Normal,300
4003,51,185,K2,Honeymoon,200
4004,82,141,F5,Honeymoon,300
4005,80,23,G12,Honeymoon,300
4006,72,83,B10,Honeymoon,350
4007,97,167,D14,Normal,240
4008,12,88,C15,Normal,200
4009,53,80,C11,Normal,300
4010,75,97,C8,Normal,300
4011,5,140,H12,Normal,160
4012,27,34,B4,Normal,240
4013,12,199,A14,VIP,350
4014,17,75,J7,Normal,200
4015,6,159,K14,Normal,300
4016,97,128,K8,VIP,200
4017,5,190,A3,Honeymoon,350
4018,57,141,C7,Normal,240
4019,28,31,H12,VIP,160
4020,78,130,B1,Normal,240
4021,69,103,K7,Honeymoon,160
4022,59,15,A9,Normal,200
4023,33,57,A7,Normal,240
4024,62,75,K7,Honeymoon,240
4025,50,34,J14,Normal,240
4026,19,103,A15,Normal,350
4027,86,196,E12,Normal,200
4028,69,75,G14,Normal,160
4029,66,29,J9,VIP,240
4030,94,194,G6,Normal,200
4031,47,16,J2,Normal,350
4032,39,167,H10,Normal,350
4033,68,77,K13,Normal,200
4034,33,37,F5,Normal,160
4035,13,81,A7,Normal,200
4036,84,149,J15,VIP,200
4037,54,172,D5,Normal,300
4038,7,124,J10,Normal,350
4039,79,19,D2,Normal,160
4040,87,199,A14,Normal,300
4041,14,102,C1,Normal,200
4042,87,136,D5,Honeymoon,350
4043,19,77,C11,VIP,300
4044,54,194,A14,Normal,300
4045,93,41,J13,Normal,160
4046,20,198,A5,VIP,200
4047,29,61,A5,Normal,160
4048,24,26,H8,Normal,300
4049,82,71,H13,VIP,300
4050,63,103,G6,Honeymoon,160
4051,74,70,C6,Normal,300
4052,57,107,F4,Normal,240
4053,8,157,B4,Normal,350
4054,90,107,B7,Normal,200
4055,62,103,D11,Honeymoon,350
4056,29,194,B2,Normal,200
4057,74,19,B2,Normal,300
4058,17,68,K11,Normal,160
4059,66,186,F3,Normal,160
4060,6,70,D11,Normal,300
4061,58,113,F5,Honeymoon,200
4062,69,57,D5,Normal,300
4063,28,165,D13,Normal,200
4064,62,61,B3,Normal,300
4065,41,92,J15,Honeymoon,300
4066,69,30,F1,Normal,300
4067,82,199,A10,Normal,160
4068,90,153,E9,Normal,200
4069,84,127,F10,Normal,300
4070,41,193,J11,Honeymoon,350
4071,49,115,F8,Normal,350
4072,91,6,H4,Honeymoon,160
4073,49,18,C14,Honeymoon,240
4074,76,10,K7,VIP,160
4075,71,92,J12,Normal,240
4076,3,139,B3,Normal,160
4077,10,193,G3,Normal,350
4078,98,77,C8,Normal,300
4079,89,101,K13,Honeymoon,200
4080,35,84,D6,Honeymoon,300
4081,80,193,B4,Normal,350
4082,2,52,H15,Normal,200
4083,24,195,E8,Normal,240
4084,74,31,E6,Normal,240
4085,38,145,K6,Honeymoon,350
4086,22,183,G8,Normal,200
4087,26,110,F13,Normal,300
4088,43,93,C3,Normal,350
4089,55,164,G15,VIP,240
4090,39,154,E14,Normal,350
4091,91,53,F7,VIP,300
4092,29,145,B4,Honeymoon,160
4093,20,86,E11,Normal,160
4094,91,153,D12,Normal,300
4095,41,2,K12,Normal,200
4096,54,86,F4,Normal,350
4097,20,133,C12,Honeymoon,300
4098,19,4,H11,Normal,160
4099,84,164,A4,Normal,240
4100,99,6,A4,Normal,300
4101,66,149,A5,Normal,300
4102,30,118,C11,Normal,300
4103,53,89,H3,Normal,160
4104,34,154,F12,Normal,160
4105,22,183,G14,Normal,300
4106,67,167,H12,Normal,300
4107,6,161,G11,Normal,200
4108,79,14,E15,Normal,240
4109,27,56,E15,Honeymoon,350
4110,10,81,A13,Normal,350
4111,73,149,K7,Normal,350
4112,97,46,B10,Normal,160
4113,96,144,H10,Normal,160
4114,48,16,F7,Normal,200
4115,70,120,A10,VIP,160
4116,59,84,D5,Normal,300
4117,100,157,K7,Normal,240
4118,59,8,A15,Normal,240
4119,2,88,B1,Normal,240
4120,29,131,A2,Normal,240
4121,68,19,B15,Normal,350
4122,65,97,F7,VIP,350
4123,83,66,C1,Normal,300
4124,26,79,F2,Normal,200
4125,89,86,K13,VIP,160
4126,10,124,H9,Honeymoon,160
4127,53,150,C5,VIP,350
4128,79,46,B8,Normal,240
4129,59,113,H1,Normal,300
4130,22,91,G7,Honeymoon,200
4131,51,141,H10,Normal,350
4132,48,33,G10,Normal,300
4133,21,133,D10,Honeymoon,300
4134,22,77,A8,Normal,350
4135,100,155,D14,Honeymoon,300
4136,98,121,J8,VIP,240
4137,30,128,C2,Honeymoon,300
4138,25,78,G3,Normal,200
4139,28,152,A7,Normal,300
4140,65,67,A2,Honeymoon,160
4141,45,115,F10,VIP,300
4142,68,63,J14,Normal,350
4143,7,113,H1,Normal,160
4144,49,94,C6,Honeymoon,350
4145,9,48,C15,Normal,200
4146,36,191,C12,Normal,240
4147,83,12,D8,Normal,200
4148,1,156,H5,Normal,160
4149,10,172,A9,Honeymoon,240
4150,36,171,F12,Normal,300
4151,73,145,H9,Normal,160
4152,46,40,E15,Normal,240
4153,32,177,J10,Normal,350
4154,32,85,A11,Normal,240
4155,6,57,D5,Honeymoon,350
4156,48,87,J2,Normal,350
4157,38,84,K8,Normal,240
4158,17,192,E15,Normal,200
4159,74,185,C1,Normal,200
4160,27,121,G2,Normal,350
4161,54,74,G2,Normal,160
4162,50,107,E15,Normal,240
4163,35,124,G2,Normal,160
4164,85,198,J9,Normal,200
4165,25,100,C12,Honeymoon,160
4166,28,43,H5,Honeymoon,300
4167,15,119,B3,Normal,300
4168,4,23,F2,Normal,200
4169,93,155,J13,VIP,160
4170,73,186,B5,Normal,240
4171,27,37,J7,Honeymoon,200
4172,26,134,E15,Normal,300
4173,19,65,E2,Normal,200
4174,92,134,C2,Honeymoon,160
4175,17,178,B13,Normal,160
4176,43,22,E14,Normal,160
4177,41,105,F6,VIP,350
4178,42,88,B7,Honeymoon,160
4179,50,153,G6,Normal,300
4180,84,125,J2,Normal,300
4181,40,79,J3,Normal,350
4182,39,90,D7,Honeymoon,300
4183,23,200,F3,VIP,300
4184,96,51,E10,Honeymoon,200
4185,52,176,K2,Honeymoon,160
4186,47,102,B6,Normal,200
4187,63,198,E4,Honeymoon,200
4188,97,106,F1,Honeymoon,300
4189,69,193,E1,Honeymoon,240
4190,43,60,G5,Normal,160
4191,48,46,C10,VIP,240
4192,34,36,A4,Normal,300
4193,40,186,C1,Normal,350
4194,75,166,E9,Normal,200
4195,61,11,E10,Normal,300
4196,50,12,A5,Normal,300
4197,67,170,H10,Honeymoon,240
4198,62,39,G1,Normal,350
4199,58,199,A8,Normal,200
4200,33,139,A9,Normal,350
4201,75,36,A15,Honeymoon,350
4202,16,52,G15,Normal,350
4203,82,31,A7,Normal,160
4204,94,33,E12,Normal,350
4205,48,141,H10,Normal,300
4206,10,146,A15,Honeymoon,160
4207,82,169,F8,Honeymoon,160
4208,38,58,C9,Honeymoon,350
4209,19,184,J14,Normal,300
4210,36,152,D12,Normal,200
4211,59,128,G2,Normal,350
4212,63,31,F6,Normal,160
4213,77,55,K12,Normal,200
4214,46,10,J7,Normal,200
4215,3,188,E15,Normal,160
4216,74,130,F4,VIP,200
4217,65,15,A10,Honeymoon,300
4218,91,3,H2,Normal,300
4219,8,43,F12,Normal,350
4220,51,159,E7,VIP,350
4221,81,198,E2,Normal,200
4222,73,67,J11,Honeymoon,160
4223,6,56,K11,Normal,300
4224,89,63,H2,Honeymoon,240
4225,39,15,K13,Honeymoon,350
4226,60,109,G3,Normal,300
4227,28,116,F11,Normal,200
4228,97,92,J1,Normal,300
4229,54,138,F4,VIP,300
4230,37,166,A10,Normal,200
4231,9,47,K14,Normal,350
4232,82,57,B14,Normal,350
4233,56,50,G6,Honeymoon,240
4234,59,71,A10,Honeymoon,240
4235,85,143,A13,Normal,350
4236,2,146,D2,Normal,350
4237,61,82,D5,Normal,350
4238,58,116,J12,Normal,350
4239,60,105,H11,Normal,300
4240,40,88,H8,Normal,240
4241,36,2,F10,VIP,200
4242,37,104,D8,Normal,160
4243,79,84,J10,Honeymoon,200
4244,92,43,E8,Normal,160
4245,18,154,F4,Normal,300
4246,98,71,D12,Normal,240
4247,63,166,G7,Normal,160
4248,22,94,J15,Normal,350
4249,11,42,K12,Honeymoon,300
4250,58,133,E3,Normal,160
4251,57,139,E5,Normal,350
4252,77,65,C9,VIP,300
4253,4,34,H4,Normal,160
4254,86,120,B11,Normal,350
4255,7,1,A12,Normal,240
4256,61,130,K15,Honeymoon,300
4257,54,148,F2,Honeymoon,160
4258,88,61,K7,Normal,350
4259,68,149,F11,Normal,240
4260,92,88,B15,Honeymoon,350
4261,79,68,D7,VIP,240
4262,1,127,E3,Normal,160
4263,55,140,H15,Honeymoon,350
4264,3,22,G15,Normal,350
4265,78,148,C9,Normal,200
4266,38,82,C11,Normal,300
4267,1,129,J1,Normal,350
4268,38,30,H3,Normal,240
4269,85,126,E5,VIP,300
4270,29,97,H13,Normal,160
4271,5,24,F4,Normal,300
4272,74,14,A8,Normal,200
4273,92,36,G7,Honeymoon,160
4274,21,197,B3,VIP,350
4275,71,24,G6,Normal,160
4276,67,188,C3,Normal,160
4277,47,95,A5,Normal,200
4278,84,55,J7,Normal,240
4279,83,24,E14,Normal,160
4280,35,152,J6,Normal,240
4281,68,182,A5,Honeymoon,300
4282,69,26,C4,Normal,200
4283,1,194,B9,Normal,350
4284,68,80,K10,Normal,160
4285,12,166,G5,Normal,240
4286,60,65,E11,Normal,160
4287,27,75,G2,Normal,200
4288,56,179,J5,Honeymoon,350
4289,23,163,B7,Normal,300
4290,25,43,A15,Normal,300
4291,21,29,G11,Normal,240
4292,61,165,A15,VIP,300
4293,63,81,D8,Normal,240
4294,52,186,K14,VIP,350
4295,88,54,G12,Normal,160
4296,25,39,H8,Normal,200
4297,55,42,C2,Honeymoon,350
4298,46,156,B6,Normal,350
4299,32,29,F8,Normal,300
4300,55,171,A14,Normal,300
4301,96,131,A15,Honeymoon,200
4302,5,138,K13,Normal,160
4303,36,187,C4,Normal,350
4304,49,142,F8,Normal,300
4305,58,175,A9,Normal,350
4306,39,42,F2,Normal,160
4307,80,94,K6,Normal,240
4308,97,160,A9,Normal,160
4309,85,32,C6,Normal,350
4310,61,170,H12,Normal,350
4311,9,160,A3,Normal,200
4312,6,26,B4,Normal,350
4313,35,115,B8,VIP,300
4314,39,129,G14,Honeymoon,200
4315,22,56,J15,Normal,350
4316,41,122,G15,Honeymoon,160
4317,5,106,K7,VIP,350
4318,42,130,D1,Normal,160
4319,87,81,K8,Normal,160
4320,81,158,A15,Normal,350
4321,76,120,D6,Honeymoon,160
4322,87,199,H5,Normal,240
4323,80,52,A8,Normal,200
4324,67,91,E9,Normal,350
4325,30,137,E3,Honeymoon,240
4326,57,22,E8,Normal,160
4327,86,34,K9,Honeymoon,160
4328,73,110,A6,Honeymoon,200
4329,29,49,H14,Normal,240
4330,37,129,D12,Normal,240
4331,87,73,C1,Normal,350
4332,13,84,A6,VIP,160
4333,32,53,E7,Honeymoon,300
4334,46,100,J11,VIP,350
4335,23,124,E14,Normal,350
4336,45,168,H9,Normal,350
4337,17,45,G7,Normal,200
4338,85,196,F5,Normal,200
4339,66,137,J3,Honeymoon,350
4340,6,105,K3,Normal,300
4341,18,150,C3,Normal,240
4342,94,146,K5,Normal,240
4343,22,106,C14,Normal,160
4344,33,43,A13,Normal,240
4345,30,167,D12,Normal,240
4346,81,134,G6,Honeymoon,300
4347,32,48,K9,Normal,240
4348,42,126,H4,Normal,300
4349,78,7,H15,Normal,200
4350,10,197,G10,Honeymoon,300
4351,36,16,K14,Normal,200
4352,34,129,H6,VIP,300
4353,73,115,D6,Normal,350
4354,28,37,B6,Normal,200
4355,11,165,D15,Normal,200
4356,78,125,B6,Normal,240
4357,39,81,H2,Honeymoon,200
4358,47,192,J6,Normal,300
4359,19,62,J14,Normal,350
4360,15,72,E13,Normal,350
4361,28,189,F1,Honeymoon,240
4362,24,125,F3,Honeymoon,300
4363,72,161,J14,Normal,300
4364,9,66,E5,Normal,160
4365,47,30,F11,Honeymoon,200
4366,33,20,C4,Honeymoon,240
4367,62,188,D11,Normal,350
4368,97,82,E15,Normal,160
4369,19,107,A3,Honeymoon,300
4370,67,152,A6,Normal,200
4371,74,132,A6,Normal,350
4372,40,37,K13,Honeymoon,160
4373,47,132,K14,Normal,300
4374,65,77,A2,Honeymoon,350
4375,29,89,F15,Normal,350
4376,50,146,D11,VIP,300
4377,98,88,G6,Normal,300
4378,13,194,A10,Honeymoon,240
4379,1,176,F12,Normal,350
4380,34,33,E10,Normal,300
4381,93,58,H8,Normal,160
4382,48,28,B15,Honeymoon,200
4383,77,35,J8,Normal,240
4384,48,125,F3,Normal,300
4385,49,138,D10,Normal,200
4386,64,65,D4,Normal,240
4387,61,42,C4,Normal,350
4388,29,85,G15,VIP,200
4389,39,137,B7,Normal,240
4390,88,188,C1,Normal,300
4391,26,111,J15,VIP,300
4392,17,15,G15,Normal,240
4393,71,185,K14,Normal,350
4394,13,69,B1,Normal,240
4395,69,105,B5,Normal,160
4396,26,150,C13,Normal,240
4397,49,64,D2,Normal,240
4398,67,41,H9,Honeymoon,300
4399,7,71,B4,Normal,350
4400,58,56,D3,Normal,240
4401,49,151,K4,VIP,200
4402,53,25,C15,Normal,300
4403,65,105,F12,VIP,300
4404,62,134,A15,Normal,240
4405,17,119,H5,Normal,200
4406,43,162,G6,Normal,240
4407,25,191,G12,Normal,200
4408,3,9,F11,Normal,300
4409,79,60,K7,Normal,200
4410,29,125,F6,Normal,240
4411,32,49,D6,Normal,160
4412,26,51,H7,Normal,160
4413,16,188,A15,Normal,200
4414,25,70,E5,Normal,240
4415,54,37,F13,Normal,350
4416,28,31,F1,Normal,160
4417,73,169,A10,Normal,300
4418,56,62,C12,Normal,240
4419,65,93,G5,Normal,240
4420,93,186,A11,Normal,160
4421,86,14,H13,VIP,350
4422,80,164,K9,Normal,300
4423,41,164,J5,Normal,350
4424,51,79,F3,VIP,300
4425,71,8,K12,VIP,160
4426,78,154,F15,Honeymoon,240
4427,29,36,A8,Normal,300
4428,83,48,K1,Normal,240
4429,19,85,H6,Honeymoon,200
4430,66,28,D13,Honeymoon,200
4431,41,196,F11,Normal,160
4432,45,190,D10,Normal,160
4433,15,51,J2,VIP,160
4434,3,104,H3,Normal,200
4435,11,170,D3,Normal,300
4436,53,101,J12,Normal,350
4437,46,29,K1,Normal,160
4438,30,127,J9,Normal,350
4439,57,82,D2,Normal,350
4440,18,10,A5,VIP,200
4441,51,106,B9,Normal,300
4442,48,167,B3,Normal,200
4443,66,1,F9,Honeymoon,160
4444,96,39,A5,Normal,200
4445,8,21,B15,Normal,200
4446,22,65,A1,Normal,200
4447,6,15,F11,Normal,160
4448,76,132,F7,Normal,160
4449,57,188,E9,Normal,200
4450,36,61,C1,VIP,200
4451,79,148,G1,Honeymoon,350
4452,92,138,G3,Normal,300
4453,57,87,J7,Normal,350
4454,49,105,B1,Normal,300
4455,45,34,D9,Normal,300
4456,82,124,K5,Normal,200
4457,66,110,B5,Honeymoon,350
4458,77,176,F7,Normal,300
4459,45,33,H4,Normal,300
4460,79,98,H8,Normal,160
4461,20,61,B2,Normal,300
4462,64,10,K14,Honeymoon,200
4463,93,182,J6,VIP,240
4464,93,84,A3,Normal,160
4465,67,65,B2,Normal,240
4466,83,77,D5,VIP,200
4467,3,1,J2,Honeymoon,240
4468,54,133,F15,VIP,300
4469,78,80,F12,Normal,240
4470,64,15,A6,Normal,350
4471,40,28,D10,Normal,200
4472,59,23,K12,Normal,350
4473,55,109,G12,Honeymoon,240
4474,62,107,B14,Normal,350
4475,4,145,H6,Normal,160
4476,60,113,A10,Normal,240
4477,75,98,G1,Honeymoon,350
4478,95,141,B14,Normal,300
4479,96,142,C15,Normal,240
4480,91,139,D6,Normal,160
4481,30,28,G11,Normal,300
4482,2,42,J8,Normal,240
4483,62,99,A11,Normal,300
4484,49,61,F7,Honeymoon,240
4485,9,123,J8,Normal,240
4486,92,64,A6,Normal,200
4487,31,31,E7,VIP,350
4488,98,81,E2,VIP,240
4489,61,10,J13,Normal,160
4490,79,8,K2,Normal,350
4491,48,149,B13,Normal,200
4492,25,59,C8,Normal,350
4493,36,178,C13,VIP,350
4494,8,197,H12,Honeymoon,240
4495,73,198,K14,Normal,160
4496,58,30,D1,Normal,240
4497,45,145,D4,Normal,160
4498,62,20,C9,Normal,160
4499,39,48,E11,Normal,300
4500,96,130,J7,Normal,240
4501,58,37,K14,Normal,200
4502,81,129,A1,Normal,350
4503,99,132,K1,Normal,300
4504,83,100,E9,Normal,200
4505,64,54,B15,Normal,240
4506,44,122,H10,Honeymoon,160
4507,29,25,A8,Normal,240
4508,59,131,H8,Normal,240
4509,71,9,B4,Normal,300
4510,92,34,D14,Normal,200
4511,9,43,F4,Normal,300
4512,92,74,C6,Normal,200
4513,6,94,D10,Normal,300
4514,29,22,C14,Normal,350
4515,58,70,F2,Normal,160
4516,17,130,F3,Normal,160
4517,16,94,G11,Honeymoon,160
4518,87,194,B15,Normal,350
4519,95,32,C9,Normal,350
4520,3,106,A13,Normal,160
4521,21,144,J2,Normal,160
4522,64,1,K9,Normal,200
4523,90,72,H7,Normal,200
4524,36,176,C15,Honeymoon,240
4525,86,50,H14,Normal,300
4526,62,141,C5,Normal,200
4527,42,15,A7,Normal,200
4528,76,53,H5,Normal,200
4529,42,172,H9,Normal,200
4530,61,8,D6,VIP,350
4531,13,74,D1,Normal,240
4532,11,46,B5,Honeymoon,200
4533,54,69,G6,Normal,300
4534,16,114,C8,Honeymoon,200
4535,8,147,G14,Honeymoon,350
4536,59,166,C2,Honeymoon,160
4537,57,123,D13,VIP,160
4538,40,139,K13,Normal,240
4539,59,117,F7,Normal,160
4540,2,43,D5,Normal,200
4541,94,20,D7,Normal,350
4542,94,148,F11,Honeymoon,240
4543,76,21,H10,Normal,200
4544,10,82,K15,Normal,160
4545,44,57,D8,Normal,300
4546,11,178,E6,Honeymoon,200
4547,79,74,H12,VIP,300
4548,80,98,C13,Normal,300
4549,81,154,F7,Normal,240
4550,90,158,E4,Normal,350
4551,2,110,K2,Normal,160
4552,50,115,H8,Normal,160
4553,12,159,J15,Normal,200
4554,90,42,D9,Normal,160
4555,23,68,E5,Normal,240
4556,18,189,A2,Normal,160
4557,62,189,J12,Honeymoon,200
4558,96,70,F3,Honeymoon,160
4559,62,78,C2,Normal,350
4560,38,196,G10,Honeymoon,300
4561,67,90,J10,Normal,300
4562,38,111,G14,Normal,300
4563,67,112,K7,Normal,350
4564,94,103,K13,Honeymoon,240
4565,61,145,F14,Normal,200
4566,1,19,D4,Normal,350
4567,94,179,K1,Normal,200
4568,45,70,K14,Honeymoon,240
4569,96,63,F12,Honeymoon,350
4570,28,75,A8,Normal,160
4571,21,158,G11,Honeymoon,240
4572,13,153,B1,Normal,300
4573,27,104,C10,VIP,350
4574,100,75,H1,Honeymoon,240
4575,7,128,B12,Normal,240
4576,22,199,G14,Honeymoon,350
4577,74,154,G15,Normal,300
4578,53,56,K11,VIP,300
4579,79,22,C5,Honeymoon,240
4580,79,89,H8,Normal,200
4581,4,19,D7,Normal,240
4582,96,159,K8,Normal,350
4583,23,26,D8,Honeymoon,350
4584,70,170,G1,Honeymoon,350
4585,88,169,F6,Normal,300
4586,84,23,G14,Normal,160
4587,84,47,E6,Normal,350
4588,76,13,H8,Normal,350
4589,33,66,C1,Normal,200
4590,28,194,E1,Normal,200
4591,8,144,G11,Normal,240
4592,1,73,G15,Normal,240
4593,37,156,G8,Normal,240
4594,63,77,C4,Honeymoon,350
4595,22,163,D14,Normal,200
4596,70,169,A3,Normal,240
4597,21,31,B2,Normal,200
4598,96,85,F3,Normal,350
4599,35,160,D1,Normal,350
4600,79,182,C5,Normal,240
4601,5,200,J9,Normal,350
4602,60,59,H7,Honeymoon,350
4603,46,41,J12,Normal,200
4604,50,112,E1,Normal,160
4605,48,194,G7,Normal,300
4606,6,96,K10,Normal,240
4607,89,182,F15,Honeymoon,160
4608,56,168,K1,Honeymoon,240
4609,59,122,D14,Normal,160
4610,29,156,B3,Normal,350
4611,71,165,G5,VIP,240
4612,77,105,B1,Normal,160
4613,18,193,A10,Normal,300
4614,2,74,G14,Normal,350
4615,8,183,F1,Normal,240
4616,75,132,K15,Honeymoon,240
4617,97,99,B1,Normal,160
4618,54,126,A12,Normal,240
4619,38,138,E15,Normal,350
4620,48,175,J9,VIP,200
4621,27,75,B12,Normal,160
4622,20,14,A12,Honeymoon,300
4623,12,38,B15,Normal,240
4624,43,140,A9,Honeymoon,350
4625,61,45,D8,Normal,240
4626,31,145,D9,Normal,300
4627,91,163,D4,Normal,350
4628,96,194,A4,VIP,300
4629,61,75,F4,Normal,350
4630,74,169,G1,Normal,200
4631,67,195,F4,Normal,350
4632,91,29,G13,Normal,300
4633,35,18,H6,Honeymoon,160
4634,95,20,D13,Normal,200
4635,15,14,F7,Honeymoon,240
4636,16,162,J12,Normal,200
4637,13,177,B7,VIP,200
4638,35,54,J11,Normal,240
4639,75,31,F4,Normal,350
4640,59,58,G9,Normal,200
4641,21,104,C8,Honeymoon,200
4642,54,170,H12,Normal,160
4643,75,186,B11,Normal,160
4644,30,128,K1,Honeymoon,300
4645,48,158,D5,Honeymoon,240
4646,35,25,C8,Honeymoon,350
4647,86,191,K3,Normal,350
4648,38,19,C12,Normal,300
4649,31,200,C7,Honeymoon,350
4650,78,136,K5,Normal,350
4651,24,3,D4,Normal,160
4652,49,195,K7,Normal,350
4653,96,86,D1,VIP,350
4654,100,145,B14,Normal,300
4655,32,142,A12,Honeymoon,300
4656,55,9,H11,Normal,200
4657,79,190,F7,Honeymoon,350
4658,58,94,C14,Normal,350
4659,99,149,A2,Normal,350
4660,3,165,B2,Normal,160
4661,80,139,K3,Honeymoon,350
4662,69,20,B3,Normal,160
4663,85,35,B7,Honeymoon,200
4664,10,53,F8,Normal,240
4665,83,175,D13,Normal,350
4666,25,110,D8,Normal,300
4667,68,180,A1,Normal,300
4668,61,136,E1,Honeymoon,350
4669,29,4,C1,Normal,160
4670,19,155,E6,VIP,300
4671,43,172,K12,VIP,300
4672,66,168,D8,Normal,200
4673,74,102,G5,Normal,200
4674,61,47,K15,Normal,200
4675,43,94,B8,VIP,300
4676,25,172,K8,Normal,300
4677,20,48,J11,Normal,350
4678,48,91,F12,Honeymoon,350
4679,83,180,K13,Normal,160
4680,87,84,J5,Normal,300
4681,24,68,H4,Normal,350
4682,11,139,C10,Normal,350
4683,98,125,J1,Normal,200
4684,55,73,C9,Normal,200
4685,28,4,H15,Honeymoon,200
4686,69,76,B3,Normal,240
4687,63,73,K8,Normal,350
4688,59,77,C7,Normal,200
4689,5,48,A5,Normal,200
4690,51,154,E13,Normal,300
4691,21,102,J15,Normal,200
4692,12,106,C11,Normal,300
4693,50,77,A10,Normal,160
4694,4,39,E8,Normal,200
4695,42,58,B9,Normal,300
4696,84,19,F3,Normal,200
4697,38,88,K10,Normal,160
4698,25,113,H4,Normal,200
4699,14,77,B9,Normal,300
4700,75,77,A7,Normal,160
4701,32,186,E13,Normal,160
4702,11,28,H2,Honeymoon,160
4703,61,66,G9,Normal,240
4704,18,10,J2,Normal,300
4705,27,126,A12,Normal,240
4706,55,58,F10,VIP,160
4707,54,142,A3,Normal,240
4708,82,125,F4,Honeymoon,200
4709,87,112,F10,Honeymoon,240
4710,75,84,A10,Normal,350
4711,21,143,C3,Normal,160
4712,44,96,D1,Normal,160
4713,5,33,D14,Normal,300
4714,87,145,D7,Normal,200
4715,41,152,A6,Honeymoon,300
4716,59,158,J10,Normal,240
4717,89,190,B14,Normal,350
4718,54,141,H14,Honeymoon,350
4719,74,190,G7,Normal,350
4720,22,47,E8,VIP,350
4721,83,112,D15,Normal,200
4722,65,144,J4,Normal,240
4723,64,194,F9,Normal,350
4724,71,43,C11,Honeymoon,160
4725,4,8,H8,Normal,240
4726,65,3,E5,VIP,200
4727,15,125,F4,Normal,350
4728,76,12,E3,Honeymoon,200
4729,22,84,K13,Honeymoon,350
4730,86,16,H13,Honeymoon,160
4731,47,78,C7,Normal,240
4732,81,59,E4,Normal,160
4733,93,177,F11,Normal,350
4734,46,63,J13,Normal,300
4735,14,190,C4,Normal,240
4736,50,49,C9,Honeymoon,200
4737,20,51,E7,Normal,350
4738,50,33,E2,VIP,160
4739,33,30,F13,Normal,300
4740,59,187,J11,Normal,350
4741,43,76,H4,Normal,200
4742,79,15,F14,Honeymoon,160
4743,12,82,E7,Normal,240
4744,40,92,F4,Honeymoon,300
4745,20,23,B14,Normal,350
4746,94,94,E14,VIP,350
4747,38,45,C2,Normal,350
4748,3,62,F12,Normal,350
4749,28,199,C9,Normal,160
4750,56,15,K2,Honeymoon,240
4751,90,46,G11,Normal,200
4752,94,64,K7,Honeymoon,300
4753,13,174,E8,Normal,350
4754,77,184,K13,Honeymoon,350
4755,66,172,B13,Normal,240
4756,37,75,A14,Normal,240
4757,49,157,F2,Normal,160
4758,66,190,H11,Honeymoon,160
4759,36,52,B13,VIP,160
4760,54,182,F14,Normal,300
4761,26,88,C2,Honeymoon,160
4762,75,57,K2,Normal,350
4763,72,83,G5,Honeymoon,160
4764,40,66,B2,Normal,300
4765,43,150,H12,Normal,160
4766,22,20,F2,Normal,160
4767,20,33,D10,Normal,350
4768,8,72,A10,Normal,350
4769,29,25,F5,Honeymoon,350
4770,40,46,J14,Normal,160
4771,90,73,H11,VIP,350
4772,30,98,F4,Honeymoon,240
4773,81,57,D15,Normal,200
4774,84,87,C12,Normal,200
4775,55,133,H11,Normal,350
4776,16,55,H4,VIP,300
4777,46,61,E11,VIP,350
4778,62,89,G12,Honeymoon,350
4779,7,8,A13,Normal,160
4780,80,16,A15,Honeymoon,300
4781,45,176,C6,Normal,350
4782,59,116,A15,Normal,240
4783,56,61,H12,Normal,200
4784,48,15,E15,Honeymoon,240
4785,27,193,D11,VIP,240
4786,53,150,G5,Normal,240
4787,87,131,J12,Honeymoon,300
4788,88,102,D7,Honeymoon,300
4789,73,54,K3,Normal,300
4790,35,14,F9,Normal,200
4791,51,36,B14,Normal,160
4792,84,105,D8,Normal,350
4793,37,82,B6,Normal,350
4794,81,67,H7,Normal,160
4795,95,10,K3,Honeymoon,350
4796,57,49,F1,Normal,240
4797,8,111,B15,Normal,200
4798,79,65,J5,Normal,350
4799,95,57,D6,Normal,200
4800,94,27,K11,VIP,160
4801,20,113,F3,Normal,350
4802,53,133,B7,Normal,200
4803,12,71,E4,Honeymoon,240
4804,49,83,B6,Normal,240
4805,17,57,J9,Honeymoon,160
4806,64,120,H2,Normal,300
4807,42,93,H11,Normal,350
4808,94,15,J4,VIP,240
4809,29,111,K8,Normal,240
4810,19,101,C6,Normal,160
4811,11,119,D2,Normal,240
4812,98,76,C2,Normal,350
4813,50,158,D9,Honeymoon,160
4814,71,20,B8,Honeymoon,200
4815,58,165,A2,Normal,160
4816,34,131,H5,Normal,350
4817,20,73,J4,Honeymoon,350
4818,50,122,E7,Honeymoon,200
4819,88,41,E11,Normal,160
4820,10,167,B14,Honeymoon,350
4821,32,154,H14,Normal,350
4822,52,130,H8,Normal,200
4823,15,23,C15,VIP,300
4824,84,23,B1,Normal,160
4825,3,144,C1,Normal,350
4826,37,9,D5,Normal,240
4827,40,13,J2,Normal,200
4828,72,156,A15,Normal,300
4829,40,155,D4,Honeymoon,300
4830,56,51,A10,Normal,200
4831,23,64,B5,Normal,300
4832,11,52,E10,Normal,350
4833,64,38,A8,Normal,300
4834,8,100,C4,Normal,160
4835,93,193,A4,Normal,240
4836,94,146,H3,Normal,350
4837,56,191,B9,VIP,200
4838,60,51,D10,Normal,240
4839,10,137,B11,VIP,350
4840,39,141,B10,Normal,240
4841,28,168,C6,Honeymoon,300
4842,49,55,E11,Normal,200
4843,36,109,A12,Honeymoon,200
4844,13,171,J9,Normal,160
4845,96,44,H11,VIP,300
4846,36,110,J13,Normal,160
4847,26,196,F8,Honeymoon,160
4848,86,161,A6,Honeymoon,300
4849,4,152,B11,Honeymoon,350
4850,95,164,H8,Normal,160
4851,82,128,G13,Normal,240
4852,64,105,H15,Honeymoon,350
4853,38,10,A9,Normal,300
4854,88,100,C15,Normal,200
4855,87,148,A14,Normal,350
4856,22,109,H7,Normal,160
4857,2,108,D10,Normal,240
4858,31,140,K2,Normal,300
4859,11,190,A15,Normal,200
4860,92,146,C7,Normal,240
4861,46,94,J7,Normal,200
4862,96,63,H12,Honeymoon,300
4863,62,84,F9,Normal,350
4864,69,25,E12,Normal,160
4865,64,12,G6,Normal,300
4866,10,149,H6,VIP,240
4867,40,25,K14,Normal,350
4868,24,11,G15,Normal,200
4869,99,64,K12,Normal,350
4870,44,126,D13,Normal,350
4871,60,50,G5,Normal,240
4872,62,190,H13,Honeymoon,160
4873,87,89,A6,Normal,350
4874,17,99,A4,Normal,350
4875,65,116,C13,Normal,160
4876,95,96,G3,Honeymoon,160
4877,95,177,C12,Normal,200
4878,57,14,A3,Normal,200
4879,55,1,J9,Normal,160
4880,53,25,A15,Normal,300
4881,56,187,D2,Honeymoon,160
4882,98,72,F10,Normal,200
4883,9,69,D13,Normal,240
4884,22,133,C9,Normal,240
4885,13,105,J11,Normal,350
4886,89,147,C5,Normal,240
4887,48,23,D7,Honeymoon,200
4888,18,9,H13,Normal,240
4889,76,118,A14,Normal,300
4890,40,94,B15,Normal,160
4891,17,178,F15,Honeymoon,160
4892,15,144,J15,Normal,200
4893,15,33,G5,VIP,350
4894,79,130,E9,Normal,160
4895,63,14,J7,Normal,240
4896,39,1,D7,Normal,300
4897,13,90,K7,Normal,350
4898,81,186,E3,Normal,350
4899,32,89,C6,Normal,350
4900,9,144,G1,Normal,160
4901,40,90,D8,Normal,350
4902,20,175,H4,Normal,200
4903,90,172,K15,Normal,240
4904,91,14,E12,Honeymoon,300
4905,85,152,A15,Normal,240
4906,82,111,H8,Honeymoon,200
4907,77,183,E9,Normal,200
4908,80,143,H11,Normal,240
4909,73,83,A4,VIP,160
4910,63,72,E15,Normal,200
4911,76,162,K11,Normal,350
4912,44,130,C12,Normal,300
4913,38,27,B15,Normal,300
4914,83,74,K8,Honeymoon,200
4915,60,99,E10,Honeymoon,350
4916,71,72,B1,Normal,240
4917,99,23,H6,Normal,300
4918,48,68,G14,Honeymoon,350
4919,18,142,H2,Normal,350
4920,16,191,J3,Normal,160
4921,55,117,B12,Normal,200
4922,39,106,A13,Normal,350
4923,68,93,E13,Honeymoon,240
4924,59,65,F11,Normal,300
4925,89,68,C1,Normal,160
4926,96,128,A3,Normal,240
4927,62,63,B15,Honeymoon,300
4928,13,113,K14,Normal,200
4929,81,90,G9,Honeymoon,240
4930,6,81,J14,Honeymoon,300
4931,83,103,G9,Normal,160
4932,77,192,F11,Normal,300
4933,60,160,E4,Normal,350
4934,90,116,H13,Honeymoon,160
4935,14,13,H9,Honeymoon,240
4936,95,194,F12,Normal,200
4937,54,124,C10,Normal,160
4938,4,147,B10,Normal,160
4939,39,152,G5,Honeymoon,160
4940,72,88,D1,Normal,300
4941,25,11,K3,Normal,350
4942,77,187,C2,Normal,200
4943,32,15,G7,Normal,200
4944,59,10,K9,Normal,350
4945,63,41,B1,Normal,300
4946,38,155,B3,Normal,300
4947,92,188,K1,Normal,350
4948,53,73,E15,VIP,350
4949,94,52,A1,Normal,240
4950,67,128,J5,Normal,300
4951,28,28,C8,Normal,160
4952,3,65,C15,Normal,200
4953,98,17,F6,Normal,300
4954,80,95,J9,VIP,350
4955,22,172,C2,Normal,160
4956,96,138,K1,Normal,240
4957,38,63,H13,Normal,240
4958,72,175,C10,Normal,160
4959,72,38,E14,Normal,160
4960,62,70,H6,VIP,350
4961,57,104,G13,Normal,350
4962,6,53,G13,Normal,200
4963,78,172,E14,VIP,200
4964,32,119,H9,Normal,240
4965,99,74,J3,Normal,160
4966,10,54,D12,Normal,240
4967,3,20,E14,Normal,350
4968,59,79,F8,Normal,300
4969,76,31,F4,Honeymoon,350
4970,49,135,J10,Honeymoon,300
4971,59,58,G3,Honeymoon,160
4972,31,105,D5,Normal,160
4973,93,10,B14,Honeymoon,160
4974,69,10,F6,Normal,200
4975,62,39,A10,Normal,200
4976,52,156,H12,Normal,300
4977,89,158,K8,Normal,240
4978,41,37,D15,VIP,240
4979,31,119,K14,Normal,300
4980,85,67,D15,Honeymoon,200
4981,84,43,D13,Normal,350
4982,22,52,C15,Normal,300
4983,4,101,J4,Normal,240
4984,13,56,B11,Normal,300
4985,45,76,G12,Honeymoon,300
4986,42,68,D6,Normal,160
4987,49,137,D7,VIP,200
4988,20,106,D6,Normal,160
4989,77,125,J11,Normal,200
4990,81,92,A14,Normal,300
4991,54,23,A1,Honeymoon,200
4992,36,191,K10,Normal,240
4993,97,109,A14,Normal,160
4994,1,61,F6,Normal,300
4995,15,168,A3,Normal,240
4996,77,44,G8,Normal,200
4997,17,152,C10,Normal,200
4998,24,179,F14,Normal,240
4999,58,186,J5,Normal,200
5000,72,161,G5,Normal,160
5001,91,16,A9,Normal,350
5002,23,22,G4,Normal,200
5003,46,57,F9,Normal,300
5004,72,62,B6,Normal,200
5005,8,107,B10,Normal,300
5006,59,71,G12,Normal,200
5007,90,90,J2,Normal,200
5008,59,72,B10,Normal,300
5009,13,70,K2,Normal,160
5010,39,30,G13,Normal,350
5011,28,103,D12,Honeymoon,350
5012,89,151,C7,Normal,160
5013,61,32,B1,Normal,200
5014,16,86,C7,Normal,350
5015,2,57,F1,Normal,160
5016,82,109,B11,Normal,160
5017,17,9,B5,Honeymoon,350
5018,30,31,K2,Normal,300
5019,13,71,G13,VIP,240
5020,96,137,B14,Normal,300
5021,93,13,C1,Honeymoon,200
5022,94,186,B4,Honeymoon,300
5023,82,131,K13,Normal,240
5024,13,35,B12,Normal,240
5025,43,21,G4,Normal,160
5026,85,64,F10,Honeymoon,200
5027,94,95,C14,Normal,160
5028,21,180,H8,Normal,300
5029,55,34,K15,Normal,300
5030,81,121,E14,Normal,350
5031,40,163,F12,VIP,160
5032,83,15,K8,Normal,160
5033,15,120,G4,Normal,160
5034,73,96,G8,Normal,160
5035,52,6,K6,Normal,240
5036,74,109,J12,Honeymoon,350
5037,95,97,D11,VIP,200
5038,53,32,G7,Normal,200
5039,87,180,G8,Normal,200
5040,52,83,C4,VIP,240
5041,30,156,G10,Normal,350
5042,33,118,K10,Normal,350
5043,57,192,A14,Normal,240
5044,52,79,H7,Normal,160
5045,9,78,E15,Normal,300
5046,54,147,G7,VIP,160
5047,1,107,J1,Normal,200
5048,44,126,D10,Normal,160
5049,99,15,H12,Normal,240
5050,75,134,G3,Honeymoon,200
5051,98,73,C7,Normal,300
5052,80,101,B11,Normal,200
5053,9,98,E7,Normal,160
5054,32,166,F9,Honeymoon,350
5055,15,26,B3,Normal,350
5056,12,92,B12,Normal,350
5057,97,125,C1,Normal,200
5058,78,179,H1,Normal,350
5059,57,73,J9,VIP,240
5060,8,123,A6,Normal,300
5061,72,53,A11,Normal,350
5062,27,184,B3,Normal,240
5063,62,187,B6,Normal,240
5064,12,198,B4,Normal,200
5065,65,78,A4,Honeymoon,200
5066,42,92,F2,Normal,300
5067,62,186,H11,Normal,300
5068,11,88,B10,VIP,160
5069,43,13,F2,Normal,300
5070,95,43,D4,Normal,200
5071,17,76,E5,Normal,240
5072,97,51,F8,Honeymoon,160
5073,32,19,A1,Normal,300
5074,93,149,F6,Normal,240
5075,85,122,B6,Normal,200
5076,85,24,F11,Normal,350
5077,40,26,A15,Normal,160
5078,23,173,D5,Normal,240
5079,56,156,D3,Normal,200
5080,6,120,D4,Normal,200
5081,86,82,H3,VIP,160
5082,50,100,C15,Normal,160
5083,37,157,C2,Normal,300
5084,64,17,J12,Normal,300
5085,54,68,G7,Normal,160
5086,72,44,F5,Normal,160
5087,49,61,K11,Normal,240
5088,99,123,D9,Normal,300
5089,11,93,J7,Normal,200
5090,88,196,J14,Normal,300
5091,49,74,E6,Normal,300
5092,21,153,K2,Normal,160
5093,66,67,H4,Normal,160
5094,63,111,B8,Normal,300
5095,83,2,H2,Honeymoon,350
5096,28,89,D6,Honeymoon,350
5097,17,177,E12,Normal,300
5098,6,198,G13,Normal,350
5099,19,26,F5,Normal,300
5100,56,200,K10,Normal,160
5101,28,99,B3,VIP,160
5102,66,27,K8,Normal,160
5103,38,89,F6,Normal,200
5104,37,146,H2,Honeymoon,160
5105,68,182,E9,Normal,160
5106,86,1,F5,Normal,300
5107,90,189,K8,Normal,350
5108,49,103,C12,Normal,350
5109,43,131,C4,Normal,160
5110,36,196,D3,Honeymoon,160
5111,58,41,K1,Normal,160
5112,13,165,K3,Normal,300
5113,52,51,A5,Honeymoon,300
5114,58,15,H11,Normal,300
5115,32,8,H12,Normal,350
5116,81,38,H3,Normal,200
5117,100,114,B8,Normal,350
5118,60,83,E2,Normal,300
5119,83,56,A13,Honeymoon,240
5120,58,175,K2,Normal,200
5121,99,103,B5,Normal,160
5122,56,138,G2,Normal,350
5123,28,102,H3,VIP,200
5124,1,78,H3,Normal,240
5125,42,177,C3,VIP,200
5126,82,169,K13,Normal,350
5127,48,83,E4,Honeymoon,300
5128,40,30,B15,Honeymoon,160
5129,97,5,H3,Honeymoon,300
5130,63,119,E13,Normal,300
5131,76,199,H4,Normal,350
5132,72,31,K10,Normal,300
5133,88,180,G10,Normal,300
5134,80,23,A14,Honeymoon,350
5135,4,48,B4,Normal,350
5136,38,109,E11,Normal,240
5137,27,40,D14,Normal,300
5138,9,6,G7,Normal,200
5139,16,38,C14,Normal,160
5140,56,169,H6,Normal,160
5141,76,100,A11,Honeymoon,350
5142,31,27,H1,Normal,350
5143,88,69,A2,Normal,240
5144,14,57,J5,Normal,300
5145,25,17,K10,Honeymoon,350
5146,34,71,G4,Normal,350
5147,67,47,G3,Normal,160
5148,24,79,A4,Normal,300
5149,73,110,E3,Normal,240
5150,26,13,B14,Normal,350
5151,20,139,B4,Honeymoon,350
5152,64,124,G1,Normal,350
5153,10,109,B14,Normal,160
5154,83,90,H11,Normal,350
5155,67,86,E10,Normal,350
5156,24,92,J3,Normal,160
5157,5,24,B8,Honeymoon,350
5158,67,73,D1,Normal,300
5159,58,4,A8,Normal,300
5160,27,113,E6,Normal,160
5161,80,46,G10,Honeymoon,300
5162,15,18,E1,Normal,240
5163,35,43,H7,Normal,350
5164,76,161,D7,Normal,240
5165,53,93,C6,VIP,300
5166,44,103,H7,Normal,160
5167,26,124,F12,Normal,160
5168,47,10,F10,Honeymoon,240
5169,34,73,A13,Normal,300
5170,87,187,D2,Normal,350
5171,95,31,F15,Normal,300
5172,50,156,B7,Normal,300
5173,84,60,D13,Normal,160
5174,12,131,B15,VIP,200
5175,87,118,K11,Honeymoon,350
5176,4,183,H1,Honeymoon,350
5177,87,14,K11,Normal,160
5178,48,186,E14,Normal,300
5179,55,143,G4,Normal,160
5180,1,2,E11,Normal,300
5181,89,24,A7,Normal,200
5182,66,64,E5,Normal,200
5183,30,199,D1,Normal,240
5184,3,100,B3,Normal,300
5185,21,114,K6,VIP,160
5186,89,24,A8,Normal,160
5187,84,155,E14,Normal,160
5188,49,165,K10,Normal,240
5189,86,91,G12,Normal,350
5190,85,167,F4,Normal,160
5191,62,191,F4,Normal,200
5192,97,26,J1,Normal,160
5193,38,65,E3,Normal,160
5194,15,120,C10,Honeymoon,160
5195,52,4,F9,Normal,350
5196,79,157,A15,Normal,160
5197,46,1,G9,Normal,350
5198,25,50,J14,Normal,350
5199,21,110,J1,Honeymoon,240
5200,88,139,E3,Normal,200
5201,5,74,K1,Normal,160
5202,70,187,J8,Normal,160
5203,47,62,H7,Honeymoon,160
5204,87,81,H6,Normal,350
5205,68,164,C2,Honeymoon,300
5206,91,56,C15,Normal,200
5207,18,111,J2,Honeymoon,160
5208,21,21,F7,VIP,300
5209,92,141,A13,Normal,300
5210,99,9,B9,Normal,300
5211,86,139,A14,Normal,200
5212,23,70,E10,Normal,300
5213,64,129,E2,Normal,160
5214,67,118,H15,Normal,160
5215,40,198,F14,Normal,240
5216,10,56,A1,Normal,350
5217,89,31,J6,Normal,300
5218,52,37,C2,Normal,350
5219,72,175,K6,Normal,350
5220,75,91,C2,Honeymoon,350
5221,61,114,D11,Honeymoon,350
5222,64,128,G1,VIP,350
5223,5,175,A4,Normal,160
5224,53,122,B8,Normal,200
5225,55,69,B14,Normal,300
5226,37,186,G8,Normal,300
5227,56,36,K14,Normal,160
5228,59,32,B15,Normal,160
5229,93,64,F15,Honeymoon,350
5230,69,199,K13,Normal,200
5231,73,170,K9,Normal,300
5232,59,48,E7,Honeymoon,240
5233,2,81,G11,Normal,160
5234,65,158,D13,Normal,240
5235,60,149,B10,Normal,300
5236,51,60,B8,Honeymoon,160
5237,30,141,J9,Normal,300
5238,11,1,G7,Normal,160
5239,92,65,K8,Normal,300
5240,76,33,J8,Normal,240
5241,39,38,F6,Normal,200
5242,90,25,A4,Normal,160
5243,77,154,J15,Normal,240
5244,72,59,D1,Normal,300
5245,63,161,A9,Normal,240
5246,64,101,C3,Normal,160
5247,61,127,F9,Normal,240
5248,54,41,J12,Normal,300
5249,92,158,E5,Normal,350
5250,94,57,H1,Normal,200
5251,73,177,C4,Normal,200
5252,95,48,F10,Honeymoon,350
5253,58,72,F13,Honeymoon,160
5254,85,177,D10,Normal,240
5255,56,175,K2,Honeymoon,240
5256,34,56,B2,Normal,350
5257,31,65,K14,Honeymoon,350
5258,52,12,K6,Normal,300
5259,89,69,J11,Normal,300
5260,76,134,A4,Normal,200
5261,1,89,A7,Normal,160
5262,55,193,B11,Normal,160
5263,22,25,B9,Normal,350
5264,40,1,A10,Normal,200
5265,1,160,A13,Honeymoon,200
5266,65,131,J5,Normal,300
5267,63,49,C9,Normal,240
5268,54,147,K12,Honeymoon,160
5269,42,60,B4,Normal,200
5270,21,157,F1,Honeymoon,300
5271,79,178,D7,Normal,300
5272,81,2,H15,Normal,300
5273,22,73,D1,Normal,240
5274,38,184,K14,Normal,200
5275,99,145,E15,Normal,350
5276,80,188,J4,Normal,350
5277,8,110,D3,Normal,300
5278,62,164,E2,Normal,300
5279,47,61,D13,Normal,240
5280,17,17,B3,Normal,300
5281,17,49,H3,Honeymoon,200
5282,90,76,D3,Normal,300
5283,13,188,E3,Honeymoon,300
5284,17,148,A12,Normal,200
5285,38,178,C4,Honeymoon,160
5286,81,131,G12,Normal,350
5287,78,43,F12,Normal,300
5288,45,57,B10,Normal,200
5289,6,50,J12,Normal,350
5290,35,196,K6,Normal,240
5291,14,178,D4,Normal,160
5292,72,37,F3,Normal,300
5293,61,46,K1,Normal,160
5294,15,170,D10,Normal,300
5295,54,15,B3,Normal,300
5296,27,161,C5,Normal,300
5297,13,80,A7,VIP,160
5298,31,139,A13,Normal,240
5299,35,148,J6,Normal,200
5300,60,24,H7,Normal,200
5301,6,125,E9,Normal,240
5302,69,192,G10,Normal,240
5303,86,118,F15,Normal,300
5304,58,80,C12,Honeymoon,300
5305,49,94,H4,Normal,200
5306,23,65,H5,Normal,300
5307,89,88,B11,Normal,300
5308,34,88,F1,Normal,240
5309,26,145,C2,Normal,160
5310,47,126,G1,Normal,350
5311,5,89,J5,Normal,350
5312,90,61,J6,Normal,300
5313,20,15,D7,Normal,300
5314,6,94,K13,VIP,350
5315,70,51,G13,Normal,240
5316,59,27,G15,Normal,350
5317,64,74,A14,Normal,350
5318,18,61,G14,Normal,350
5319,4,186,H12,Honeymoon,300
5320,17,31,D3,Honeymoon,300
5321,14,12,G3,Normal,350
5322,78,46,K9,Normal,300
5323,13,159,H5,Normal,350
5324,7,32,D8,Honeymoon,240
5325,44,160,A3,Normal,300
5326,15,181,E8,Honeymoon,160
5327,19,61,J13,Normal,300
5328,63,46,K3,Normal,240
5329,35,85,D7,Honeymoon,240
5330,81,80,G6,VIP,300
5331,35,135,C1,Normal,200
5332,19,4,E6,Honeymoon,350
5333,20,52,G1,Honeymoon,350
5334,100,159,E9,Honeymoon,240
5335,35,112,F12,VIP,300
5336,32,36,C3,Normal,200
5337,48,182,E8,Normal,160
5338,44,54,F13,Honeymoon,350
5339,24,119,G5,Normal,200
5340,61,127,H3,Normal,350
5341,17,17,D8,Normal,300
5342,71,75,E14,Honeymoon,350
5343,50,158,D4,Normal,160
5344,65,105,H8,Normal,300
5345,99,150,H9,Normal,240
5346,32,117,G5,Normal,200
5347,36,43,B10,Normal,350
5348,13,112,J12,Normal,300
5349,70,115,K4,Normal,300
5350,58,27,K10,Honeymoon,350
5351,14,37,H3,Normal,240
5352,37,46,E9,VIP,350
5353,79,113,F9,Normal,240
5354,68,35,F10,VIP,350
5355,40,132,H14,Normal,300
5356,59,80,E12,Normal,160
5357,80,80,B5,Normal,160
5358,92,154,B12,Normal,300
5359,16,121,A8,Normal,160
5360,62,147,F10,Normal,240
5361,4,122,E1,Honeymoon,300
5362,45,81,A3,Normal,240
5363,90,173,A7,VIP,300
5364,28,154,A4,Normal,240
5365,96,150,J13,VIP,240
5366,66,119,K4,Normal,160
5367,31,58,J5,Normal,300
5368,3,63,A15,Normal,350
5369,8,156,A13,Honeymoon,160
5370,24,193,H13,Normal,240
5371,15,172,A7,Normal,240
5372,43,100,G14,Normal,350
5373,31,171,A6,Normal,350
5374,73,165,E4,Normal,240
5375,45,66,B15,Normal,350
5376,66,145,B7,Honeymoon,200
5377,8,168,H13,Normal,160
5378,71,166,F9,Honeymoon,300
5379,57,85,J13,Normal,350
5380,80,189,K8,Normal,350
5381,99,137,F15,VIP,200
5382,30,189,J1,Normal,300
5383,74,144,H1,Normal,200
5384,18,123,E9,Honeymoon,300
5385,69,2,G5,Normal,160
5386,93,106,F2,Normal,350
5387,39,108,A1,Normal,160
5388,60,72,K15,Normal,300
5389,98,171,E2,Normal,350
5390,43,126,B3,Normal,200
5391,45,170,D3,Normal,240
5392,23,57,K2,Honeymoon,200
5393,69,81,A1,Normal,240
5394,94,195,K2,Normal,200
5395,6,158,H2,Normal,300
5396,56,141,J10,Honeymoon,160
5397,4,19,K7,Honeymoon,240
5398,93,7,C8,Honeymoon,300
5399,23,137,C10,Honeymoon,160
5400,6,54,F7,Normal,160
5401,32,104,B1,Normal,350
5402,18,86,J7,Normal,350
5403,15,82,H12,Normal,350
5404,40,61,G3,Normal,240
5405,96,87,J14,Normal,240
5406,73,2,A3,Normal,160
5407,74,178,A14,VIP,240
5408,84,31,E6,Normal,160
5409,6,33,G5,Normal,300
5410,63,80,F11,Normal,200
5411,67,11,H9,Normal,160
5412,11,161,J9,Normal,160
5413,43,128,A15,Normal,300
5414,17,135,C7,Normal,350
5415,96,128,B12,Normal,350
5416,4,31,A12,Normal,350
5417,63,176,E7,Normal,160
5418,68,126,B15,Normal,160
5419,81,47,G6,Normal,240
5420,41,181,J15,Normal,240
5421,83,107,C4,Honeymoon,200
5422,5,19,C2,Normal,200
5423,32,81,H12,Honeymoon,240
5424,86,123,C9,VIP,160
5425,70,134,G6,VIP,300
5426,35,107,J11,Honeymoon,240
5427,22,49,C13,Honeymoon,160
5428,65,73,F6,Normal,240
5429,84,50,A3,Normal,350
5430,22,81,E14,Normal,240
5431,11,95,H12,Normal,350
5432,77,12,E3,Normal,160
5433,3,23,H6,Normal,350
5434,9,54,C10,VIP,240
5435,60,118,B3,Normal,350
5436,76,197,E7,Normal,300
5437,87,59,G13,Normal,350
5438,14,164,K3,Normal,350
5439,97,3,D1,Normal,200
5440,18,58,D10,Normal,300
5441,73,183,E15,Normal,160
5442,23,57,G7,Normal,350
5443,74,145,B11,Normal,300
5444,83,167,B7,Normal,160
5445,47,90,B11,Normal,300
5446,69,196,E13,Normal,200
5447,47,55,H10,Normal,160
5448,87,45,D6,Normal,160
5449,30,1,H8,Normal,350
5450,25,21,K11,Normal,240
5451,28,21,A12,Normal,160
5452,98,52,A3,Honeymoon,160
5453,25,82,H15,Normal,200
5454,74,171,J15,Honeymoon,200
5455,78,180,J14,Normal,200
5456,58,67,F7,Normal,350
5457,94,113,C15,Honeymoon,160
5458,41,44,J7,Honeymoon,200
5459,25,160,F11,VIP,200
5460,78,10,H10,Normal,300
5461,99,64,A9,Normal,300
5462,48,69,A12,Honeymoon,200
5463,98,68,H11,Normal,350
5464,10,28,F13,Honeymoon,240
5465,99,181,E2,Normal,300
5466,75,116,G14,VIP,300
5467,11,51,E13,Honeymoon,160
5468,85,181,F2,Normal,160
5469,21,4,C10,Normal,200
5470,86,79,J15,Normal,160
5471,45,17,B2,Normal,160
5472,7,108,H14,Normal,240
5473,81,195,J6,Normal,350
5474,64,74,B9,Honeymoon,200
5475,64,175,A2,VIP,240
5476,2,184,G2,Normal,200
5477,76,23,K14,Normal,350
5478,42,18,H12,Honeymoon,200
5479,82,129,D8,Honeymoon,160
5480,54,35,D1,Honeymoon,350
5481,75,64,C15,Normal,240
5482,16,186,A9,Honeymoon,240
5483,18,59,A6,Normal,300
5484,99,1,D6,VIP,240
5485,59,131,H14,VIP,300
5486,90,67,C5,Honeymoon,160
5487,16,37,F7,Normal,240
5488,6,29,K12,Honeymoon,350
5489,57,89,B10,Normal,300
5490,47,161,K4,Normal,240
5491,48,100,B2,Honeymoon,160
5492,42,189,C6,Normal,350
5493,76,122,G6,Normal,350
5494,60,90,B6,Honeymoon,160
5495,77,132,B3,Honeymoon,240
5496,4,14,K11,Honeymoon,200
5497,2,161,A1,Normal,240
5498,90,150,K7,Honeymoon,300
5499,59,176,K1,Normal,300
5500,27,131,D6,Honeymoon,240
